HASI,0001561894
LTRE,0001002037
BBG,0001172139
CREE,0000895419
HME,0000923118
SSW^E,0001332639
TFSCU,0001606163
NEA,0001195737
REG^G,0000910606
CCOI,0001158324
TROVW,0001213037
CRMT,0000799850
SLVO,0001032405
OKS,0000909281
ISF,0001039765
TKAI,0001404281
CBYL,0001348911
INZ,0001039765
GXP^E,0001143068
JYNT,0001612630
BMRN,0001048477
PCCC,0001050377
ICE,0001571949
AMP,0000820027
LEAF,0001584207
TNH,0000879575
GLDC,0000042228
SB,0001434754
STZ.B,0000016918
AIB,0001278752
DD^B,0000030554
SPP,0001362705
DDE,0001162556
PARR,0000821483
UNF,0000717954
FNGN,0001430592
GUID,0001375557
HSKA,0001038133
SCAI,0001411574
KFFB,0001297341
AMRN,0001120246
CTRE,0001590717
DLR,0001297996
PCTI,0001057083
SGM,0001454389
EMC,0000790070
USB^A,0000036104
CCBG,0000726601
ATRI,0000701288
CASH,0000907471
JNJ,0000200406
OCRX,0001274644
EZCH,0000892534
VSAR,0001513818
GXP^D,0001143068
MTH,0000833079
EML,0000031107
TCAP,0001379785
MA,0001141391
TEX,0000097216
BSTC,0000875622
CELP,0001587246
JGV,0001363421
EGO,0000918608
PRGS,0000876167
PIY,0000065100
ARDC,0001515324
ZBRA,0000877212
MSFT,0000789019
UBCP,0000731653
WHFBL,0001552198
DHI,0000882184
AMAG,0000792977
FRC^F,0001132979
NCIT,0001334478
UCBA,0001344970
SSH,0001506492
IPHI,0001160958
FCX,0000831259
VIMC,0001341088
CRC,0001609253
MHI,0001223026
EVJ,0001074691
CLX,0000021076
CIFC,0001313918
NGLS,0001379661
WLK,0001262823
FLY,0001407298
SMACR,0001608269
ATHX,0001368148
DX^B,0000826675
HVT,0000216085
RT,0000068270
EVN,0001074540
TISI,0000318833
APTS,0001481832
ZBB,0001140310
MGI,0001273931
OLBK,0001253317
TGLS,0001534675
TSS,0000721683
CODI,0001345126
ALNY,0001178670
KBR,0001357615
MMT,0000809173
REN,0001469510
BOCH,0000702513
CTS,0000026058
ESI,0000922475
SLW,0001323404
CAPX,0001595127
ATAX,0001059142
TGB,0000878518
BVA,0001466292
IAE,0001385632
CMA,0000028412
COP,0001163165
FSM,0000037914
SRNE,0000850261
ZB^H,0001642140
CHNR,0000793628
CPF,0000701347
IRET,0000798359
SAAS,0001087934
CASS,0000708781
EMMS,0000783005
ELY,0000837465
MNTX,0001302028
CNCE,0001367920
HSIC,0001000228
NXP,0000883618
BVSN,0000920448
FBIZ,0001521951
SVA,0001084201
RXN,0001439288
AHT,0001232582
ADAT,0000885074
NFEC,0001213660
HAE,0000313143
POST,0001530950
SQM,0000909037
STRT,0000933034
CCC,0000812701
NWSA,0001564708
MVG,0001230992
RFT,0001045425
INVN,0001294924
FES,0001434842
MYGN,0000899923
ATTU,0000893821
ABC,0001140859
VNOM,0001602065
AXL,0001062231
PLD,0001045609
RPM,0000110621
AIV^A,0000922864
DRAD,0000707388
FRS,0000039047
INFA,0001080099
ARTW,0000007623
NVGN,0001075880
NXC,0000885732
PKO,0001412350
FMBI,0000702325
ASUR,0000884144
BMR,0001289236
CVCY,0001127371
BLDP,0000933777
PHII,0000350403
NYCB,0000910073
ADAP,0001621227
DNR,0000945764
PEB,0001474098
HRMN,0001612720
CHSCL,0000823277
UBSH,0000883948
WDAY,0001327811
HAFC,0001109242
GLOW,0000746210
WEYS,0000106532
GT,0000042582
ATHN,0001131096
FOXF,0001424929
RAI,0001275283
SBNA,0001483934
FB,0001326801
PTCT,0001070081
DSCO,0000946486
TCPC,0001370755
AOD,0001379400
STT^D,0000093751
IHS,0001316360
OTEL,0001288359
BPL,0000805022
NNVC,0001379006
AIY,0001278752
STAA,0000718937
ACFC,0001404296
GALT,0001133416
ANTX,0001156039
WSFSL,0000828944
CNP,0001130310
GLT,0000041719
ELOS,0001291361
CNA,0000021175
AGNCP,0001423689
ARGS,0001105533
RCAP,0001568832
BALT,0001474042
D,0000715957
MIE,0001270436
TRUP,0001371285
ON,0001097864
LGCYP,0001358831
BYD,0000906553
VRSN,0001014473
SIBC,0001513971
PEG,0000788784
SIMO,0001329394
HBAN,0000049196
DMD,0001365038
WMGI,0001137861
LOAN,0001080340
ROK,0001024478
FLWS,0001084869
SXCL,0000709804
AYR,0001362988
FMN,0001199004
GRX^A,0001391437
LABL,0000819220
PESI,0000891532
MRKT,0001598014
DLR^G,0001297996
MHE,0000901824
NBHC,0001475841
POWI,0000833640
FUL,0000039368
VAL,0000102741
PXLW,0001040161
GWRU,0001012620
FWM,0001555492
RTN,0001047122
SJW,0000766829
GSL,0001430725
IRIX,0001006045
DUK,0001326160
HUB.A,0000048898
CTRN,0001318484
MEOH,0000886977
WX,0001403132
HCN,0000766704
MYJ,0000884216
FWP,0001604924
SORL,0000714284
AFOP,0001122342
GS^D,0000886982
MTSI,0001493594
PNF,0001140410
SLI,0000089270
NTL,0000877691
MNRO,0000876427
MGPI,0000835011
PWE,0001334388
DJCO,0000783412
PLL,0000075829
MOG.A,0000067887
MBLY,0001607310
RCMT,0000700841
HCC,0000888919
ALJ,0001325955
OGXI,0000949858
FFBCW,0000708955
TPC,0000077543
TSLX,0001508655
UNTY,0000920427
TEL,0001385157
ABCW,0000885322
MVT,0000897269
EA,0000712515
MS^I,0000895421
PYS,0001260395
MLAB,0000724004
FMBH,0000700565
PWX,0000831968
DAL,0000027904
REGI,0001463258
PN,0001619917
TIVO,0001088825
MATR,0001094348
IBP,0001580905
CRAI,0001053706
NUS,0001021561
USM,0000821130
OCFC,0001004702
NVGS,0001581804
NEFF,0001617667
SVU,0000095521
AXU,0001364128
NFG,0000070145
RY,0001000275
MER^D,0000065100
COF^P,0000927628
RHI,0000315213
EVLV,0000870826
VZA,0000732712
TOPS,0001296484
DYNT,0000720875
PRAN,0001131343
AIG,0000005272
TFX,0000096943
MIW,0001196872
DISCB,0001437107
GEOS,0001001115
RBIO,0000904973
GGACU,0001603969
MS^A,0000895421
BCO,0000078890
WAGE,0001158863
EIP,0001196877
ARMH,0001057997
FISI,0000862831
RGLD,0000085535
AJG,0000354190
BGH,0001521404
ATRA,0001604464
WDR,0001052100
KND,0001060009
LYV,0001335258
KMPA,0000860748
MUX,0000314203
XTLY,0001322554
KTCC,0000719733
BGB,0001546429
HALO,0001159036
UPIP,0001082506
VRTV,0001599489
FCLF,0001283582
SWSH,0001504747
PDVW,0001304492
RELL,0000355948
BKEP,0001392091
AGYS,0000078749
GOOD,0001234006
BFIN,0001303942
AKER,0001321834
RCPI,0000776008
RPRXZ,0000897075
SBCF,0000730708
WDFC,0000105132
SYA,0001403385
HTS^A,0001419521
COLB,0000887343
INDB,0000776901
RBS^H,0000844150
OME,0001053650
LARK,0001141688
BSET,0000010329
RAND,0000081955
TEDU,0001592560
CIGI,0000913353
AMSG,0000895930
GFI,0001172724
NLST,0001282631
ABEV,0001565025
NRP,0001171486
OSIR,0001360886
GABC,0000714395
NEE^C,0000753308
AEP,0000004904
WWE,0001091907
EFC,0001411342
ACGL,0000947484
BRFS,0001122491
GRP.U,0001252509
FSAM,0001611988
CLW,0001441236
NRCIB,0000070487
JMF,0001502711
QTWO,0001410384
LMCA,0001560385
DPM,0001338065
ELLO,0000946394
SBCP,0001599891
NDRM,0001598696
MILL^D,0000785968
MQY,0000890196
EGN,0000277595
SSN,0001404079
SBUX,0000829224
ZINC,0001385544
NGHC,0001578735
ACY,0001036848
KNDI,0001316517
NXJ,0001087786
AHT^A,0001232582
CE,0001306830
TOO^B,0001382298
BIOC,0001044378
ARG,0000804212
WLRH,0001604416
SHOR,0001388133
TRX,0001173643
SSB,0000764038
INSY,0001516479
URG,0001375205
VWR,0001412232
BSBR,0001471055
MM,0001372375
ESXB,0001323648
FCCY,0001141807
CORE,0001318084
ECPG,0001084961
ALLY^A,0000040729
EFSC,0001025835
FSTR,0000352825
CAMT,0001109138
PBR,0001119639
DATE,0001511683
CLRX,0000931059
VCYT,0001384101
ARCP,0001507385
ACXM,0000733269
IBTX,0001564618
HSBC^A,0001089113
CPST,0001009759
SRSC,0001550910
NSA,0001618563
ITW,0000049826
DATA,0001303652
TSLF,0001583001
REXI,0000083402
NMBL,0001452751
MAPI,0001595380
CSU,0001043000
MNDO,0001119083
STDY,0001619087
BANF,0000760498
SHW,0000089800
FNF,0001331875
MBLX,0001121702
UVE,0000891166
SPDC,0000911650
NMFC,0001496099
TROX,0001328910
GES,0000912463
GWRE,0001528396
BRSS,0001533526
CRNT,0001119769
BSI,0001016837
TMUS,0001283699
CSRE,0001368358
APF,0000919808
FSBW,0001530249
BPOP,0000763901
FL,0000850209
HRB,0000012659
SNSS,0001061027
PATK,0000076605
SB^C,0001434754
CDTI,0000949428
KFH,0001386926
NSSC,0000069633
FRAN,0001399935
SRE,0001032208
ADSK,0000769397
PRGO,0001585364
AVHI,0000039677
RIG,0001451505
CZR,0000858339
WLFC,0001018164
HPI,0001176199
Q,0001478242
PLAY,0001525769
TRP,0001232384
LAWS,0000703604
FBMS,0000947559
CLC,0000020740
RNN,0001228627
TAIT,0000942126
LENS,0000831861
RPAI^A,0001222840
ERIE,0000922621
FOR,0001406587
WRLD,0000108385
PSEM,0001001426
GCBC,0001070524
NDAQ,0001120193
BCPC,0000009326
GOODO,0001234006
RH,0001528849
NEPT,0001401395
RM,0001519401
PCOM,0001204413
HMC,0000715153
BNSO,0000846546
AMOT,0000046129
PCG,0001004980
BAC^D,0000070858
YPF,0000904851
CRCM,0001412270
MTR,0000313364
UTG,0001263994
WWWW,0001095291
BP,0000313807
PHT,0001166258
CAE,0001173382
CBB,0000716133
AIXG,0001089496
CHFN,0001478726
CXRX,0001642271
PFE,0000078003
HR,0000899749
VNO^I,0000899689
CXP,0001252849
EVK,0000943184
LTRPA,0001606745
IDSY,0000049615
BANFP,0000867655
GCO,0000018498
JAXB,0001071264
UNTD,0001142701
IIVI,0000820318
KTN,0000829281
COG,0000858470
FSLR,0001274494
TROW,0001113169
ELRC,0000032166
IVC,0000742112
TUMI,0001535031
PRTY,0001340554
JPM^F,0000019617
EMR,0000032604
CMO^E,0000766701
QTWW,0001166380
UWN,0000277058
HPT,0000945394
IXYS,0000945699
ALCO,0000003545
DDS,0000028917
MRH,0001165880
ASML,0000937966
STEM,0000883975
PZZA,0000901491
GBSNU,0001512138
VHI,0000059255
PTR,0001108329
GALTW,0001133416
CVU,0000889348
WNRL,0001581908
PPHMP,0000704562
CCNE,0000736772
LB,0000057139
NVTA,0001501134
ONDK,0001420811
OPOF,0000740971
SIVB,0000719739
CIR,0001091883
HNRG,0000788965
FEIC,0000914329
KKD,0001100270
EMAN,0001046995
KALU,0000811596
ASMI,0000351483
EVAR,0001597426
TSEM,0000928876
CHGG,0001364954
FC,0000886206
DYN.WS,0001379895
HL^B,0000719413
SYPR,0000864240
WFT,0001603923
ACLS,0001113232
ASB^B,0000007789
ATRC,0001323885
AIRI,0001009891
FLDM,0001162194
SDPI,0001600422
OBAS,0001077618
HLX,0000866829
AHGP,0001344980
STS,0000350846
HDRAW,0001615063
AFFX,0000913077
LCUT,0000874396
HOLX,0000859737
EVO,0001074686
AES,0000874761
MSG,0001469372
NVR,0000906163
DXLG,0000813298
FTI,0001135152
AIZ,0001267238
ARWAU,0001622577
SIEB,0000065596
UTI,0001261654
ECHO,0001426945
HNW,0001388126
PEGA,0001013857
EBIX,0000814549
CENT,0000887733
CARV,0001016178
ONCE,0001609351
ETRM,0001371217
OCIP,0001578932
CPK,0000019745
MARPS,0000062362
TCBIW,0001077428
ESBK,0000877808
RCKY,0000895456
RBS^I,0000844150
VRA,0001495320
HIW,0000921082
CLR,0000732834
FUND,0000825202
CVGI,0001290900
TANN,0001378453
POWL,0000080420
BHAC,0001622175
SHOS,0001548309
FCS,0001036960
KR,0000056873
MCRL,0000932111
LLNW,0001391127
SRT,0001031029
GWGH,0001522690
NAVB,0000810509
MDVXW,0001591165
HMNF,0000921183
APD,0000002969
DIT,0000928465
SIFI,0001500213
CHRW,0001043277
NTC,0000899752
NRF^E,0001273801
TOL,0000794170
CNQ,0001017413
BHI,0000808362
TRNO,0001476150
BCH,0001161125
EQFN,0001635626
HY,0001173514
MSK,0000914596
EPIX,0001027702
KST,0000919708
AMSWA,0000713425
LOW,0000060667
GNC,0001502034
WB,0000036995
OVTI,0001106851
AHL^B,0001267395
CSGP,0001057352
TAST,0000809248
CCD,0001602584
FRC,0001132979
AWI,0000007431
UZA,0000821130
CHMI,0001571776
UNIS,0001476170
SCTY,0001408356
NPD,0001414850
VCEL,0000887359
SWI,0001428669
BLD,0000805792
CCV,0001166691
POZN,0001059790
MCS,0000062234
FBIO,0001429260
IESC,0001048268
EIA,0001196869
MTU,0000067088
AGTC,0001273636
CCF,0000830524
ING,0001039765
BWINA,0000009346
ANH^A,0001047884
AVD,0000005981
RYL,0000085974
PFIS,0001056943
EVV,0001222922
HOFT,0001077688
GNRT,0001443799
SMMT,0001599298
JQC,0001227476
BFO,0001181249
XGTI,0001565228
WGL,0001103601
LYTS,0000763532
LLEX,0001437557
OCR^A,0000353230
C^N,0000831001
ASRV,0000707605
SAND,0001434614
TSRO,0001491576
MITK,0000807863
PKG,0000075677
PVTBP,0000889936
JXSB,0001172097
ROYT,0001538822
PSA^X,0001393311
HIL,0001287808
ENH^A,0001179755
DIN,0000049754
GHY,0001554697
MKC,0000063754
ECAV,0001575438
SKYS,0001594124
OVLY,0001431567
ULBI,0000875657
VEEV,0001393052
OXLCP,0001495222
ZAIS,0001562214
EBAY,0001065088
MNTA,0001235010
VGZ,0000783324
SBSI,0000705432
WEX,0001309108
LPNT,0001301611
HIHO,0001026785
STCK,0001574815
MCBC,0001053584
DF,0000931336
DVN,0001090012
SUPN,0001356576
HE,0000354707
CSTE,0001504379
NOM,0000899782
LEI,0001309082
RDI,0000716634
CENTA,0000887733
GLAD,0001143513
CERN,0000804753
TANO,0001378453
STM,0000932787
QPACW,0001620179
FFIV,0001048695
VNO^J,0000899689
DRA,0001598085
MNOV,0001226616
CSL,0000790051
STBA,0000719220
UIHC,0001401521
INTU,0000896878
DWA,0001297401
ALOG,0000006284
BAGR,0001394156
STIM,0001469166
EBS,0001367644
TGT,0000027419
AXS^D,0001214816
AMTG,0001515980
OCLR,0001110647
SBGI,0000912752
GPIC,0000918580
IPGP,0001111928
PGI,0000880804
CAPN,0001484565
RVLT,0000917523
DOOR,0000893691
COH,0001116132
YOKU,0001442596
HZO,0001057060
TK,0000911971
DOV,0000029905
OXBRW,0001584831
TOF,0000730349
WOOF,0000817366
NANO,0000704532
NKE,0000320187
REXR,0001571283
WPG,0001594686
GYB,0001289838
EQM,0001540947
PNNT,0001383414
TNGO,0001182325
POWR,0000882154
PVG,0001508844
GSB,0001112920
CKH,0000859598
TBI,0000768899
SPR,0001364885
PSA^U,0001393311
GPM,0001310709
PSBH,0001293211
DTLK,0001056923
MER^E,0000065100
SHG,0001263043
STAR^I,0001095651
PLKI,0001041379
MW,0000884217
SAGE,0001597553
PICO,0000830122
TIS,0001324189
AUMA,0001615892
HMST,0001518715
URBN,0000912615
PEI^B,0000077281
DWSN,0000351231
DNOW,0001599617
CDNA,0001217234
EMES,0001555177
DOM,0000923680
GAI,0001057708
RJF,0000720005
O^F,0000726728
DCM,0001166141
FSIC,0001422183
SGEN,0001060736
BWEN,0001120370
RTI,0001068717
DLB,0001308547
TBNK,0001447051
RDHL,0001553846
CFD,0001345801
AHS,0001142750
ACU,0000002098
LMOS,0001520744
NSAT,0000748213
HRTX,0000818033
HP,0000046765
OZRK,0001038205
BVX,0000719135
LMCK,0000869614
INFY,0001067491
CZFC,0001073475
GPT^B,0001287701
INAP,0001056386
MFSF,0001094810
BBEP,0001357371
GLBS,0001499780
BCLI,0001137883
DSKY,0001600527
PFD,0001559991
WAC,0001040719
LWAY,0000814586
AMGN,0000318154
ABCD,0001466815
ABBV,0001551152
UNP,0000100885
BLVDU,0001592016
ENSV,0000319458
GS^I,0000886982
HMPR,0001143155
AWK,0001410636
SPIL,0001111759
HNNA,0001145255
RENN,0001509223
XRS,0001499620
BUSE,0000314489
NEE^G,0000753308
MHLD,0001412100
UBS,0001610520
UBSI,0000729986
BLK,0001364742
NKX,0001195738
GIFI,0001031623
CX,0001076378
CCO,0001334978
XOXO,0001062292
HEB,0000946644
IPXL,0001003642
CME,0001156375
GSI,0001239188
BNK,0001609132
ARCI,0000862861
AP,0000006176
CVV,0000766792
KRG,0001286043
POOL,0000945841
NBN,0000811831
NLSN,0001492633
XIV,0001159510
FPO,0001254595
HWCC,0001356949
AMH,0001562401
CYRN,0001084577
DSPG,0000915778
BCS^D,0000312069
IRWD,0001446847
WTS,0000795403
DHXM,0001490186
RUBI,0001595974
STXS,0001289340
SJI,0000091928
JTD,0001397173
FCH^A,0000923603
EGOV,0001065332
MTGEP,0001516973
CLD,0001441849
HSC,0000045876
CCM,0001472072
TTGT,0001293282
DFS^B,0001393612
MCUR,0001606012
RTK,0000868725
SBRA,0001492298
IDA,0001057877
FAM,0001302624
HNH,0000106618
LEE,0000058361
SCOR,0001158172
CORT,0001088856
AVGO,0001441634
SYKE,0001010612
NNN^E,0000751364
GTN,0000043196
MGT,0001001601
GG,0000919239
ABT,0000001800
MDLY,0001611110
ISL,0000865277
IOT,0000949961
SHI,0000908732
FDX,0001048911
ABCO,0001157377
TRC,0000096869
TC,0001415020
IIN,0000088790
GIL,0001061894
IR,0001466258
VIIX,0001159510
MSO,0001091801
CAMB,0001588869
UMBF,0000101382
ENZN,0000727510
MDAS,0001254419
CHD,0000313927
CRUS,0000772406
SJM,0000091419
FAX,0000790500
RVP,0000946563
EXH,0001389050
ZION,0000109380
PAAS,0000771992
RLGT,0001171155
CMRE^B,0001503584
APWC,0001026980
EPM,0001006655
GOF,0001380936
NDRO,0001520048
PSTB,0001507277
RMTI,0001041024
BBY,0000764478
STBZ,0001497275
WNR,0001339048
OHI,0000888491
JLS,0001472215
DRAM,0000027093
BWINB,0000009346
FTR,0000020520
SNX,0001177394
LFVN,0000849146
QEPM,0001576044
ARDX,0001437402
FFIN,0000036029
SONA,0001325670
XLNX,0000743988
NTN,0000748592
AXGN,0000805928
HPT^D,0000945394
BRC,0000746598
AMOV,0001129137
ATRS,0001016169
ZLTQ,0001415336
SAP,0001000184
SPLP,0001452857
DTZ,0000936340
EMMSP,0000783005
RNG,0001384905
ASND,0001612042
OTTR,0001466593
FCE.A,0000038067
NCZ,0001227857
TROV,0001213037
ORM,0001556364
TPI,0001362718
ERC,0001227073
RVSB,0001041368
FCB,0001476651
SWN,0000007332
DO,0000949039
XNY,0001499494
INXN,0001500866
CFBK,0001070680
INSM,0001104506
PMD,0000806517
TYPE,0001385292
MJN,0001452575
TCRX,0001464963
ABAX,0000881890
ETP,0001012569
CHOP,0001449801
OGE,0001021635
GLU,0001282957
ALL^D,0000899051
IHC,0000701869
AWH,0001163348
TPX,0001206264
WPCS,0001086745
SHLX,0001610466
HRG,0000109177
FRM,0000054441
AVY,0000008818
SSI,0000006885
IDXX,0000874716
TITN,0001409171
USB^O,0000036104
CVT,0001122897
CVGW,0001133470
XYL,0001524472
PSIX,0001137091
VRNT,0001166388
AREX,0001405073
DHY,0001061353
ASEI,0000005768
INFN,0001138639
MRO,0000101778
P,0001230276
ALX,0000003499
ESL,0000033619
CECE,0000003197
EYES,0001020258
OTEX,0001002638
ESIO,0000726514
NRIM,0001163370
TANH,0001588084
ENJ,0000071508
TRC.WS,0000096869
PBSK,0001511071
CSS,0000020629
PKX,0000889132
IMMU,0000722830
VKI,0000908993
NSC,0000702165
NTX,0000878201
DTE,0000936340
WSTG,0000945983
SHIP,0001448397
FPO^A,0001254595
CVG,0001062047
AMBR,0001314223
PKE,0000076267
VIV,0001066119
AIC,0001282552
INO,0001055726
WWW,0000110471
VIP,0001468091
CACI,0000016058
CHE,0000019584
EQGP,0001632933
PEBO,0000318300
AB,0000825313
NSU,0000919991
PAHC,0001069899
AES^C,0000874761
NMT,0000897419
EQIX,0001101239
VBFC,0001290476
NSM,0001520566
WFC^J,0000072971
SWKS,0000004127
IGT,0000353944
BASI,0000720154
HSGX,0001372299
KFRC,0000930420
BFY,0001176197
MITL,0001170534
TRU,0001552033
C,0000831001
ENR,0001096752
HIMX,0001342338
XRX,0000108772
BRKS,0000933974
AKR,0000899629
PII,0000931015
ATRM,0000908598
MOFG,0001412665
AVB,0000915912
IMN,0001014111
LPLA,0001397911
OEC,0001609804
ANCB,0001448301
LMT,0000936468
TLMR,0001360683
CBU,0000723188
PCG^H,0001004980
SIR,0001537667
INTG,0000069422
RAS^B,0001045425
PTNR,0001096691
PSA,0001393311
SWJ,0000093556
SPRO,0001289863
ESMC,0000862668
TAP,0000024545
FSFG,0001435508
BHACU,0001622175
MHR^D,0001335190
EDF,0001501103
FORM,0001039399
ELGX,0001013606
QUMU,0000892482
MPET,0000061398
EAE,0000007323
LTS^A,0001029730
SNI,0001430602
USB,0000036104
BLKB,0001280058
IG,0000352998
PLBC,0001168455
EPD,0001061219
CASY,0000726958
TZF,0001137824
LNT,0000352541
KOPN,0000771266
CCI^A,0001051470
EV,0000350797
ISRG,0001035267
SHOO,0000913241
AGX,0000100591
VIIZ,0001159510
EMXX,0001285786
WLDN,0001370450
SAR,0001377936
CCUR,0000749038
UGLD,0001159510
OA,0000866121
HERO,0001330849
LCM,0001278460
AEHR,0001040470
Z,0001617640
DKL,0001552797
HIX,0001058239
PPS^A,0000903127
AWAY,0001366684
CQP,0001383650
SBI,0000882300
UMH^A,0000752642
NTRI,0001096376
OFG,0001030469
RP,0001286225
HFBL,0001302901
AYI,0001144215
PCYG,0000050471
CIVBP,0000944745
FOXA,0001308161
SCMP,0001365216
BIG,0000768835
ARWAR,0001622577
RNR,0000913144
MER^M,0000065100
NG,0001173420
ENV,0001337619
TWTR,0001418091
NE,0001458891
COTY,0001024305
HTGZ,0001280784
RLH^A,0001052595
TLOG,0001361248
MYC,0000882152
SHO^D,0001295810
PVTB,0000889936
SPPRP,0000919640
FNV,0001456346
WFC^Q,0000072971
CHSCO,0000823277
TRMK,0000036146
NL,0000072162
USATP,0000896429
EVER,0001502749
MANT,0000892537
ESND,0000355999
TAHO,0001510400
EGBN,0001050441
OXGN,0000908259
ZOES,0001594879
SSRI,0000921638
BOX,0001372612
CNSI,0001549872
JSD,0001509253
THO,0000730263
LXP^C,0000910108
CALM,0000016160
AIII,0001011109
FBNK,0001511198
NTZ,0000900391
TPL,0000097517
CAVM,0001175609
IVAC,0001001902
MHGC,0001342126
NUE,0000073309
GORO,0001160791
KKR,0001404912
MY,0001500689
PRAH,0001613859
KLAC,0000319201
IRC^B,0000923284
PRGNL,0001401112
NOA,0001272869
SBLK,0001386716
ECYT,0001235007
RELV,0000768710
UE,0001611547
HIFR,0001506401
ULTI,0001016125
GGP,0000895648
BZT,0000915840
AMPH,0001297184
MCOX,0001501775
BCX,0001438673
KIRK,0001056285
ACET,0000002034
THLD,0001183765
STAR^E,0001095651
CELG,0000816284
AAC,0001606180
VLTC,0001568319
ATR,0000896622
AEPI,0000785787
AEGR,0001338042
MBUU,0001590976
CASM,0000764579
NEE^J,0000753308
CMCSK,0001166691
GENC,0000064472
FTEK,0000846913
SUSQ,0000700863
DW,0000763744
CLMT,0001340122
TUBE,0001449278
HTCH,0000772897
DDC,0000841071
SRVA,0001181232
NCTY,0001296774
BIOS,0001014739
GAS,0001004155
OUTR,0000941604
BYFC,0001001171
NBR,0001163739
SPPI,0000831547
CB,0000020171
CKP,0000215419
PAGP,0001581990
A,0001090872
HII,0001501585
ECC,0001604174
AKP,0001162028
UFCS,0000101199
CEA,0001030475
FLML,0001012477
BOE,0000834237
PMM,0000844790
SSS,0000944314
TNP^D,0001166663
CTHR,0001015155
POPE,0000784011
UUUU,0001385849
GMZ,0000886982
GEN,0001351051
WFC^P,0000072971
JTPY,0001507986
MPC,0001510295
CERE,0000767884
GSIT,0001126741
AXX,0001484457
AG,0001308648
MGEE,0001161728
WASH,0000737468
INFI,0001113148
TXRH,0001289460
SUI,0000912593
MAGS,0000896494
CYS^B,0001396446
SENEB,0000088948
MDCA,0000876883
JKHY,0000779152
STR,0000751652
TWIN,0000100378
ATO,0000731802
JGH,0001615905
BAC^W,0000070858
CMRE^C,0001503584
SOHU,0001104188
WNC,0000879526
UACL,0001308208
PCMI,0000937941
GPOR,0000874499
BDGE,0000846617
NHLD,0001023844
ACHN,0001070336
DWCH,0000792130
SCVL,0000895447
OHAI,0001297704
NHI,0000877860
PARN,0001603429
HNSN,0001276591
MICTW,0000854800
TEN,0001024725
AETI,0001043186
NBB,0001478888
ETX,0001563696
SINO,0001422892
SLRC,0001418076
GNRC,0001474735
NVEE,0001532961
AA^B,0000004281
IIJI,0001090633
SUM,0001621563
BXMT,0001061630
MDVN,0001011835
ALSN,0001411207
CBB^B,0000716133
WYY,0001034760
BYM,0001181187
BWP,0001336047
NBG,0001096061
GMLP,0001415916
MAN,0000871763
IMH,0001000298
CAC,0000750686
GST^B,0001431372
IQI,0000885125
CPXX,0001327467
CWAY,0001585023
ORBC,0001361983
CWT,0001035201
IFF,0000051253
SALT,0001587264
EGT,0001004673
GST^A,0001431372
ASTI,0001350102
DECK,0000910521
AIG.WS,0001503633
NTAP,0001002047
TCO,0000890319
CBLI,0001318641
XIN,0001398453
VICR,0000751978
AZZ,0000008947
JASO,0001385598
NLY^A,0001043219
BWFG,0001505732
GGE,0001267890
NATL,0001301106
FONR,0000355019
HEQ,0001496749
SPB,0001487730
AAV,0001259995
MDGN.WS,0001138776
JE,0001538789
STE,0000815065
UAM,0001514128
ARIS,0000879796
BSAC,0001027552
TKR,0000098362
TTEK,0000831641
FPL,0001589420
ALDW,0001556766
RST,0001351285
FANG,0001539838
SBNB,0001483934
UUU,0000102109
RYAM,0001597672
BTG,0001429937
PFK,0001137774
KOP,0001315257
CBL^D,0000910612
GRX^B,0001391437
FISV,0000798354
USG,0000757011
CTIB,0001042187
RNDY,0001536035
AZO,0000866787
MMD,0001518557
DRYS,0001308858
XRM,0001287151
TMK,0000320335
CDR,0000761648
PFLT,0001504619
MMM,0000066740
E,0001002242
CRD.B,0000025475
HNI,0000048287
NSH,0001223786
CGG,0001037962
TAS,0001474547
RRTS,0001440024
CAP,0001388430
FIS,0001136893
EGI,0001271554
AMSF,0001018979
BANR,0000946673
VRTS,0000883237
NCMI,0001377630
KTP,0000829281
CHLN,0001303330
AMH^A,0001562401
INCY,0000879169
RIC,0000871294
ROSG,0001362959
YNDX,0001513845
HDSN,0000925528
ECOM,0001169652
NOW,0001373715
DRII,0001566897
SRG,0001628063
PSDV,0001314102
ARPI,0001548981
MSCA,0001396440
GOL,0001291733
WFC^N,0000072971
PIRS,0001583648
DCIX,0001481241
RMGN,0001512074
XXII,0001347858
AMRC,0001488139
LSBG,0000846931
NSPH,0001105184
IRDMB,0001418819
SKUL,0001423542
FLEX,0000866374
NSS,0000745026
CGNX,0000851205
NAUH,0001399855
NGHCP,0001578735
TSO,0000050104
OWW,0001394159
NAC,0001074952
YUMA,0000081318
OFLX,0001317945
KEN,0001611005
BBDO,0001160330
NGVC,0001547459
DLX,0000027996
FMI,0001488613
CYH,0001108109
IAG,0001203464
BAM,0001001085
NEWT,0001587987
WMC,0001208222
RSG,0001060391
AME,0001037868
ADUS,0001468328
NIE,0001383441
GFED,0001046203
AVL,0000701650
CAPR,0001133869
KMPR,0000860748
BKK,0001181250
LAD,0001023128
DHIL,0000909108
XRAY,0000818479
FCNCA,0000798941
STNR,0001018946
TECH,0000842023
FCAM,0001605484
BLIN,0001378590
ASYS,0000720500
TECD,0000790703
ANIP,0001023024
ANAD,0000940332
CUBI^C,0001488813
TDOC,0001477449
JMPB,0001383803
IDN,0001040896
FTAI,0001590364
AM,0000005133
HQL,0000884121
MWO,0000895421
AAU,0001015647
GBX,0000923120
CTX,0000018532
NM^H,0001333172
PPS,0000903127
COF^D,0000927628
BG,0001144519
VLGEA,0000103595
LBTYB,0001570585
ELTK,0001024672
IOSP,0001054905
G,0001398659
VR,0001348259
NBY,0001389545
PRTS,0001378950
PPR,0000826020
CRR,0001009672
MGR,0001004434
MSFG,0000720002
DENN,0000852772
IMO,0000049938
COKE,0000317540
TST,0001080056
RNO,0001490630
PNR,0000077360
CEL,0001385145
AMAT,0000006951
POL,0001122976
MTB.WS,0001629665
FATE,0001434316
CALI,0001355042
SGB,0000315849
EE,0000031978
PETS,0001040130
RNWK,0001046327
MNKD,0000899460
REED,0001140215
BTI,0001303523
JMEI,0001597680
BITA,0001499781
HUB.B,0000048898
NVMI,0001109345
BOBE,0000033769
INF,0001522807
IEH,0000916863
RBS^E,0000844150
BMO,0000927971
NIHD,0001037016
NYMX,0001018735
EVA,0001592057
SCSS,0000827187
AGI,0001178819
TSN,0000100493
LL,0001396033
LHO^H,0001053532
FLTX,0001526160
GST,0001431372
ASH,0001305014
ALRM,0001459200
HHY,0001062978
NEN,0000746514
SGOC,0001412095
FULT,0000700564
JAH,0000895655
WFC^O,0000072971
PNY,0000078460
TDA,0000096966
HCHC,0001006837
ACIW,0000935036
IBB,0001134440
PLNR,0000722392
IMS,0001595262
RKUS,0001294016
SEMG,0001489136
SPAR,0000743238
CVR,0000019871
ONCS,0001444307
CSLT,0001433714
MTL^,0001302362
SQI,0001082526
LF,0001138951
NRF,0001273801
CYCC,0001130166
EROS,0001532981
URRE,0000839470
SMRT,0000884940
ADTN,0000926282
KEYS,0001012393
ETJ,0001395325
COBZ,0001028734
EHTH,0001333493
VPV,0000895528
EDGW,0001017968
ANW,0001344376
SEIC,0000350894
TOO,0001382298
DOX,0001062579
COL,0001137411
IVR^A,0001437071
DKS,0001089063
MOBI,0001500252
GFY,0001299393
WHR,0000106640
JOE,0000745308
CIEN,0000936395
HJV,0001280213
WTW,0000105319
SFBS,0001430723
GPIAU,0001635282
FCF,0000712537
IIIN,0000764401
GDOT,0001386278
AVAL,0001504764
BEL,0001115836
TISA,0001021991
ATEN,0001580808
FIVN,0001288847
SGMO,0001001233
DSWL,0000946936
HFFC,0000881790
TIK,0000096885
HIBB,0001017480
ELP,0000924250
MYCC,0001577095
PGTI,0001354327
VRTX,0000875320
BTE,0001279495
DGLY,0001342958
OFC,0000860546
ALL^C,0000899051
LNC,0000059558
PNK,0000356213
RWLK,0001607962
RAVE,0000718332
NWBO,0001072379
AVG,0001528903
BABY,0000878526
AMIC,0000097196
NCLH,0001513761
SBAC,0001034054
SCS,0001050825
ARR^B,0001428205
NICE,0001003935
BDL,0000012040
GBCI,0000868671
HUBG,0000940942
ISLE,0000863015
VAC,0001524358
DXYN,0000029332
FSCFL,0001414932
TRST,0000357301
PBI^A,0000078814
CYCCP,0001130166
GLPG,0001421876
BRN,0000010048
BXP,0001037540
NMM,0001415921
WBS^E,0000801337
GFNCP,0001342287
WRT.CL,0000037008
TAT,0001092289
OPHT,0001410939
PH,0000076334
TY,0000099614
AYN,0001162030
FRC^E,0001132979
SUI^A,0000912593
NAN,0001074769
OIBR,0001160846
GMK,0001053947
ABY,0001039778
IVH,0001568292
XHR,0001616000
BRX,0001581068
BSQR,0001054721
JOEZ,0000844143
ABRN,0001253986
MTRX,0000866273
SJT,0000319655
BPT,0000850033
DPS,0001418135
GSF,0001038914
CWBC,0001051343
HALL,0000819913
MB,0001458962
TS,0001190723
LMNX,0001033905
REDF,0001103783
HBHC,0000750577
PRGX,0001007330
AVGR,0001506928
PPT,0000827773
AZUR,0001575599
RTIX,0001100441
NFX,0000912750
UBNK,0001405049
MTEX,0001056358
SCSC,0000918965
WIRE,0000850460
QADA,0001036188
MATX,0000003453
MCF,0001071993
ACNB,0000715579
DAC,0001369241
ARMF,0001572280
TTMI,0001116942
KNX,0000929452
CH,0000846676
LPCN,0001535955
FNFG,0001051741
BWG,0001504545
TXT,0000217346
SVM,0001052045
ZSAN,0001587221
GM,0001467858
MHN,0001038186
ORBK,0000749037
SD,0001349436
RLJ,0001511337
AKG,0001377757
FRT,0000034903
CLNY^A,0001467076
GIS,0000040704
FOGO,0001627487
VNO^L,0000899689
CLDN,0001305253
KRA,0001321646
BRCM,0001054374
BAMM,0000891919
DNB,0001115222
TEAR,0001299139
PVTD,0000889936
BPTH,0001133818
SSW^D,0001332639
DUKH,0001326160
VNDA,0001347178
IGI,0001137019
ALKS,0001520262
ONVO,0001497253
ASCMA,0001437106
DOC,0001574540
BLCM,0001358403
PBF,0001534504
OFG^B,0001030469
PSX,0001534701
BVXV,0001611747
BCEI,0001509589
DDD,0000910638
AHL,0001267395
ORRF,0000826154
AUY,0001264089
RSO^A,0001332551
TOO^A,0001382298
BERY,0001378992
CPA,0001345105
TAOM,0001507051
ENZY,0001578809
ANH^B,0001047884
SFL,0001289877
FNJN,0001366340
RSYS,0000873044
AMCN,0001413745
CLUB,0001281774
ISSI,0000854701
KGC,0000701818
ARTX,0000916529
BRT,0000014846
ADRO,0001435049
CDXS,0001200375
EOT,0001074540
MPV,0000831655
CSG,0001297587
AKRX,0000003116
GDV^A,0001260729
FIG,0001380393
PFNX,0001478121
DB,0000948046
AMT,0001053507
MTD,0001037646
FSCE,0001414932
CDZI,0000727273
FNFV,0001331875
MS^G,0000895421
OIA,0000835333
NX,0001423221
RGCO,0001069533
ORLY,0000898173
ATOS,0001488039
CLNT,0000819926
WSFS,0000828944
AGEN,0001098972
CXO,0001358071
UNB,0000706863
ARCW,0000826326
KIN,0001561743
CSUN,0001396247
CPHD,0001037760
ARLP,0001086600
AU,0001067428
JACK,0000807882
LJPC,0000920465
SWM,0001000623
PDCO,0000891024
VKQ,0000877463
EPE,0001584952
WEC,0000783325
PAY,0001312073
SNBC,0001017793
CCE,0001491675
AXS^C,0001214816
WSR,0001175535
MTLS,0001091223
LINE,0001326428
TLI,0001068963
EXPE,0001324424
NCQ,0001543418
FENG,0001509646
EVHC,0001578318
KELYA,0000055135
INPH,0000728249
LONG,0001290903
PCK,0001170300
HCA,0000860730
DEO,0000835403
UPL,0001022646
CRWS,0000025895
MD,0000893949
VNCE,0001579157
IVR,0001437071
JNPR,0001043604
EGY,0000894627
HRT,0000819689
ALK,0000766421
SAN^C,0000891478
MTN,0000812011
PL^E,0000355429
PEP,0000077476
HRC,0000047518
CYNA,0001532079
BK^C,0001390777
GIGM,0001105101
PACB,0001299130
WLRHW,0001604416
CATY,0000861842
ATHM,0001527636
OSK,0000775158
NLS,0001078207
TU,0000868675
JMLP,0001582817
PSTR,0001473061
AMH^C,0001562401
WFM,0000865436
OFIX,0000884624
YY,0001530238
CYBX,0000864683
SIAL,0000090185
STT,0000093751
UA,0001336917
PTY,0001190935
CEV,0001074692
STV,0001405503
MER^P,0000065100
BFAM,0001437578
TKMR,0001447028
JKS,0001481513
CSWC,0000017313
AFC,0000003906
NRF^C,0001273801
GAM^B,0000040417
BBT^E,0000092230
WBMD,0001326583
FULL,0001490013
NFLX,0001065280
NNN,0000751364
AAN,0000706688
HES,0000004447
GNTX,0000355811
UN,0000110390
EQT,0000033213
IMMR,0001058811
GEO,0000923796
KATE,0000352363
PEB^B,0001474098
NWLI,0000070684
CTW,0000068622
HCCI,0001403431
STRZA,0001507934
GSK,0001131399
PBY,0000077449
DPLO,0001610092
BZM,0001169029
IM,0001018003
DRI,0000940944
RLOC,0001297336
GVP,0000944480
PMBC,0001109546
HTGM,0001169987
CCZ,0001166691
AUMAW,0001615857
USB^N,0000036104
DMRC,0001438231
MIY,0000890393
STL,0001070154
LNKD,0001271024
ERF,0001126874
EPR^C,0001045450
SPW,0000088205
BAC^I,0000070858
MDLZ,0001103982
PDLI,0000882104
CPLP,0001392326
MO,0000764180
NMS,0001607997
NZF,0001137887
CNK,0001385280
FFG,0001012771
PBA,0001546066
LOCK,0001383871
NKTR,0000906709
C^P,0000831001
NTP,0000829365
CRAY,0000949158
JRVR,0001325177
BKFS,0001627014
TFG,0000886982
CUR,0001357459
BOTA,0000072444
SWAY,0001579471
MOCO,0000067279
PE,0001594466
PTX,0001024126
PQ,0000872248
ARMK,0001584509
AST,0001572552
WST,0000105770
ZAGG,0001296205
VTNR,0000890447
ETM,0001067837
PAM,0001469395
ASNA,0001498301
BBT,0000092230
ENI,0000912505
ARBR,0001497288
K,0000055067
AER,0001378789
NYV,0001454981
PRXL,0000799729
EGRX,0000827871
Y,0000775368
PAR,0000708821
DSW,0001319947
FMC,0000037785
AAMC,0001555074
AMED,0000896262
HAR,0000800459
RITT,0001041844
IART,0000917520
PCG^G,0001004980
INFU,0001337013
COT,0000884713
FSYS,0001340786
RELY,0000038984
ISIL,0001096325
TSRI,0000098338
ZIONZ,0000109380
HUM,0000049071
MRVL,0001058057
CBAK,0001117171
CYT,0000912513
AWRE,0001015739
EPAX,0001162315
SUNE,0000945436
GSBC,0000854560
ANGO,0001275187
GEK,0000040554
IRC^A,0000923284
LPX,0000060519
DGSE,0000701719
SENEA,0000088948
SLF,0001097362
RJET,0001159154
PFMT,0001550695
AVNU,0001100006
PFBC,0001492165
KSS,0000885639
WRE,0000104894
HSTM,0001095565
RGEN,0000730272
MLI,0000089439
CZZ,0001402902
EAB,0000007323
CLSN,0000749647
MMYT,0001495153
MICT,0000854800
AFQ,0001042046
ARII,0001344596
ROKA,0001472343
PCG^D,0001004980
EOX,0001283843
YOD,0000837852
LPT,0000921112
JBR,0001221546
ALOT,0000008146
PKD,0000076321
MNK,0001567892
FHCO,0000863894
TR,0000098677
RICE,0001588238
ZNGA,0001439404
LAZ,0001311370
SPNS,0000885740
GRUB,0001594109
XENT,0001271214
INTC,0000050863
CLB,0001000229
PAA,0001070423
WAVX,0000919013
PHH,0000077776
IDRA,0000861838
SOHOM,0001313536
RZA,0000898174
LVNTB,0001355096
CPGX,0001629995
AFM,0001004434
TENX,0000034956
NNC,0000899761
DNBF,0000713671
IT,0000749251
VSI,0001360530
VLRS,0001520504
ROST,0000745732
TTS,0001552800
IDT,0001005731
BPOPN,0000763901
DEJ,0001323838
PCL,0000849213
CDK,0001609702
MOV,0000072573
DEST,0000896985
SWFT,0001492691
HELI,0001586300
GMAN,0001490636
ROIC,0001407623
HART,0001563665
ACG,0000816754
CAS,0000018172
AMCX,0001514991
CRV,0000728303
HXL,0000717605
SDRL,0001351413
PLPM,0001362925
AL,0001487712
DGICB,0000800457
MON,0001110783
STAG,0001479094
DY,0000067215
EXAM,0001498021
COVS,0001563699
CTCM,0001354513
WUBA,0001525494
DFT^B,0001407739
TW,0001470215
PRCP,0000887226
IGC,0001326205
GLOB,0001009463
LTXB,0001356628
RQI,0001270436
SCX,0000093676
STAR^D,0001095651
OI,0000812074
AZN,0000901832
HT^C,0001063344
TRCO,0000726513
RCON,0001442620
ADGE,0001378706
NAK,0001164771
WATT,0001575793
TRNO^A,0001476150
BNFT,0001576169
ACST,0001444192
OPTT,0001378140
PSUN,0000874841
MCO,0001059556
ABR^A,0001253986
CIT,0001171825
NEE^P,0000753308
MOH,0001179929
RIT,0001173557
OXLC,0001495222
SONC,0000868611
FXCB,0001359111
TRNS,0000099302
DOW,0000029915
WMK,0000105418
KBAL,0000055772
BRO,0000079282
NADL,0001560186
CCU,0000888746
AMID,0001513965
INCR,0001610950
HUN,0001307954
CONE,0001553023
SYNC,0001408278
KHC,0001637459
NGG,0001004315
NNBR,0000918541
AXLL,0000805264
CNNX,0001610418
LE,0000799288
KMG,0001028215
MOC,0000864509
PEBK,0001093672
CMK,0000853770
STFC,0000874977
SPG,0001063761
MFA^B,0001055160
TROVU,0001213037
GRFS,0001438569
GTLS,0000892553
BRG,0001442626
TNXP,0001430306
ERIC,0000717826
ASB^C,0000007789
DPRX,0001497504
PBHC,0001046188
KMX,0001170010
INGR,0001046257
RTTR,0001460702
DTK,0000948046
PGEM,0001284807
CHKR,0001524769
CFR,0000039263
TEP,0001569134
IROQ,0001514743
RRD,0000029669
NBBC,0000714530
VNRAP,0001384072
ATLO,0001132651
SOR,0000746776
EQC^E,0000803649
PEB^A,0001474098
NYH,0001196875
OSBCP,0000357173
AA^,0000004281
GWPH,0001351288
GRC,0000042682
VBF,0000005094
CRWN,0001103837
AIN,0000819793
NOG,0001388955
NTGR,0001122904
RPRXW,0000897075
KCAP,0001372807
DCUB,0000715957
NRZ,0001556593
LC,0001409970
JOB,0000040570
CYTK,0001061983
EZT,0001427437
EOS,0001308335
USAC,0001522727
ISH,0000278041
WMB,0000107263
KTEC,0000906193
ADX,0000002230
ENTG,0001101302
GRH^C,0001410056
MTSN,0000928421
OSUR,0001116463
OMN,0001090061
COWNL,0001355007
LEU,0001065059
MTZ,0000015615
SN,0001528837
FRO,0000913290
MFC,0001086888
NTWK,0001039280
MINI,0000911109
JPM,0000019617
PPHM,0000704562
CYTX,0001095981
LQ,0001040649
BDE,0000913277
ENLC,0001592000
MHD,0001034665
TAX,0001528930
GDP,0000943861
ZAYO,0001608249
SXE,0001547638
NQ,0001509986
ABCB,0000351569
LUK,0000096223
ARW,0000007536
MSL,0000745981
AN,0000350698
PL^C,0000355429
BV,0001330421
O,0000726728
TCON,0001394319
AOSL,0001387467
CTR,0001547341
BIE,0001169028
GSOL,0001110650
VGI,0001528811
UTX,0000101829
OLN,0000074303
PACW,0001102112
CLRO,0000840715
IRG,0001526796
BBL,0001171264
GPS,0000039911
UBS^D,0001610520
SNR,0000095366
TREE,0001434621
MVCB,0001099941
HQCL,0001371541
MWG,0000895421
PMX,0001181506
MSN,0000032621
KANG,0001524190
GPRK,0001464591
PAYX,0000723531
GOMO,0001584133
SPNC,0000789132
CACQ,0001575879
WYNN,0001174922
TIGR,0000820738
MDM,0001004530
TRS,0000842633
INBK,0001562463
CNV,0001609653
RHT,0001087423
RDWR,0001094366
FRSH,0001592379
LGCYO,0001358831
ESV,0000314808
CHMG,0000763563
EAT,0000703351
THR,0001489096
HNR,0000845289
GDP^C,0000943861
GDV^D,0001260729
KMPH,0001434647
TARO,0000906338
CMCM,0001597835
HMY,0001023514
AGN,0000850693
KSU,0000054480
LDL,0000060977
IPWR,0001507957
IMPV,0001364962
LILAK,0001570585
KHI,0000830160
AXR,0000006207
IDSA,0000004187
FRGI,0001534992
ELS,0000895417
KMI,0001506307
DLNG,0001578453
SE,0001373835
CBSH,0000022356
ISDR,0000843006
CVBF,0000354647
SXI,0000310354
GS^K,0000886982
PENN,0000921738
TACO,0001585583
CLF,0000764065
NNI,0001258602
SANW,0001477246
AXS,0001214816
SBR,0000710752
MXIM,0000743316
TSQ,0000913015
STRA,0001013934
SFY,0000351817
PRPH,0000868278
MTG,0000876437
FPF,0001567569
AHC,0001413898
SGMA,0000915358
AFSS,0001365555
POR,0000784977
AET,0001122304
NVEC,0000724910
PLMT,0000706874
LBMH,0000017485
ATL,0001028277
MAB,0001196871
ESE,0000866706
EQS,0000878932
GGAL,0001114700
TRTL,0001608298
BSF,0001006424
NEOG,0000711377
CADC,0001392363
FSBK,0001027183
TY^,0000099614
SBGL,0001561694
AGO^B,0001273813
EVC,0001109116
NRCIA,0000070487
MBVT,0000726517
WIT,0001123799
SSP,0000832428
MLNK,0000914712
NSPR,0001433607
SAIC,0001571123
GK,0000039648
AXDX,0000727207
PBCP,0001368252
PBM,0001319150
INN^B,0001497645
FCBC,0000859070
CHCI,0001299969
ESPR,0001434868
XCRA,0000357020
MOS,0001285785
TUES,0000878726
NIM,0000890119
GDDY,0001609711
BJZ,0001159038
ANET,0001017172
ACW,0000817979
KRC,0001025996
BTA,0001343793
USNA,0000896264
ESRT,0001541401
AGNC,0001423689
STNG,0001483934
BAC^Y,0000070858
UHS,0000352915
NAVI,0001084750
UNT,0000798949
B,0000009984
LBIX,0000884247
KN,0001587523
UNAM,0000100716
BKCC,0001326003
MED,0000910329
PPG,0000079879
EFII,0000867374
CAJ,0000016988
PLX,0001006281
PSG,0001514242
CBT,0000016040
AUBN,0000750574
GROW,0000754811
KCG,0001569391
SRCL,0000861878
PNC^Q,0000713676
INN,0001497645
CVM,0000725363
ESES,0001135657
CTSH,0001058290
BOI,0001562834
OFS,0001487918
AMBA,0001280263
IMOS,0001133478
ADI,0000006281
ES,0000072741
ALQA,0001054274
JCS,0000022701
MPEL,0001381640
MFRM,0001419852
AMCF,0001469606
ICAD,0000749660
SGI,0001316625
SMI,0001267482
GGB,0001073404
CKSW,0001105841
PSB,0000866368
NWBI,0001471265
MTDR,0001520006
CRT,0000881787
ANSS,0001013462
GPI,0001031203
THFF,0000714562
KIQ,0001161814
RELX,0000929869
UEPS,0001041514
CVI,0001376139
ROBO,0000743399
TYG^B,0001268533
NRG,0001013871
THRM,0000903129
CHEF,0001517175
EMKR,0000808326
TSLA,0001318605
ASM,0000316888
SYUT,0001293593
TEO,0000932470
CNI,0000016868
AMRI,0001065087
EPR,0001045450
SEB,0000088121
ADC,0000917251
YCB,0000933590
DCA,0001310445
VZ,0000732712
NRT,0000072633
WFC,0000072971
UTSI,0001030471
SPG^J,0001063761
YHOO,0001011006
EPR^E,0001045450
IRET^B,0000798359
CHT,0001132924
GLP,0001323468
WSH,0001140536
CRTO,0001576427
SWC,0000931948
BBX,0000921768
AI,0001209028
PAYC,0001590955
RIO,0000915754
CAG,0000023217
QGEN,0001015820
LXK,0001001288
FMX,0001061736
EMCF,0000858800
WHLR,0001527541
GLRE,0001385613
TTM,0000926042
MPO,0001533924
MNE,0001232863
SNP,0001123658
AGM^A,0000845877
FFC,0001559991
GOLD,0001175580
KYTH,0001436304
FRC^A,0001132979
NSAM,0001597503
JMI,0001552890
LPSB,0001549276
ALGN,0001097149
RLH,0001052595
PSB^R,0000866368
HRZN,0001487428
CIVI,0001608638
MDT,0001613103
VASC,0001030206
BANX,0001578987
BLFS,0000834365
RPAI,0001222840
ROCK,0000912562
RL,0001037038
GENE,0001166272
LUV,0000092380
SATS,0001415404
BELFB,0000729580
IPHS,0001364099
SA,0001231346
UNVR,0001494319
CRME,0001036141
SEE,0001012100
DRH,0001298946
HLS,0000785161
UPLD,0001505155
FFA,0001403275
JJSF,0000785956
VGR,0000059440
ZHNE,0001101680
KEM,0000887730
ILMN,0001110803
TAI,0000099197
ALLE,0001579241
RUSHB,0001012019
WPG^H,0001594686
DBD,0000028823
OGS,0001587732
RXII,0001533040
BPY,0001545772
OVBC,0000894671
AVX,0000859163
VNO^K,0000899689
SSW^C,0001332639
HBNC,0000706129
PRGN,0001401112
CCCL,0001470683
GSH,0001012139
DEA,0001622194
VVI,0000884219
KLXI,0001617898
RGA,0000898174
EHIC,0001517492
SINA,0001094005
HEES,0001339605
CRVL,0000874866
JBT,0001433660
NCT^B,0001175483
WAIR,0001378718
BIR^A,0001178862
OIBR.C,0001160846
SBNY,0001288784
VSH,0000103730
IKNX,0001083301
PROV,0001010470
SKIS,0001517401
PFN,0001296250
STMP,0001082923
SGZA,0000230557
CBA,0001570318
QURE,0001590560
SNV,0000018349
TILE,0000715787
MOBL,0001470099
WILC,0001030997
OMEX,0000798528
USEG,0000101594
CLTX,0001541157
CHL,0001117795
AUMN,0001011509
VCRA,0001129260
ICLR,0001060373
MGIC,0000876779
SFG,0001079577
EVOK,0001403708
EQC,0000803649
CSPI,0000356037
VMO,0000884152
BBOX,0000849547
TTP,0001526329
COLM,0001050797
NM^G,0001333172
KONA,0001265572
OFG^D,0001030469
VBLT,0001603207
SFE,0000086115
SID,0001049659
AHT^E,0001232582
EWBC,0001069157
CAMP,0000730255
GULF,0000813779
PFG,0001126328
CDW,0001402057
MCRN,0001637913
EDR,0001302343
FBHS,0001519751
HYH,0001606498
BNCN,0001210227
NKA,0001483830
LECO,0000059527
CXDC,0001353970
CXW,0001070985
TREX,0001069878
APPS,0000317788
CAMBW,0001588869
SLM,0001032033
JFR,0001276533
QIWI,0001561566
IDI,0001460329
EVM,0001177161
VLY,0000714310
AFW,0001042046
STZ,0000016918
OXM,0000075288
PGC,0001050743
SLRA,0001418076
MIK,0001593936
CFI,0000723603
BMS,0000011199
PCBK,0001084717
RS,0000861884
BXS,0000701853
CASI,0000895051
WGBS,0001368993
NAME,0001589094
ALTV,0000104777
CHSCN,0000823277
TLP,0001319229
EBTC,0001018399
SQNM,0001076481
MTSL,0001025561
HST,0001070750
APLE,0001418121
OCAT,0001140098
RLOG,0001294250
BZUN,0001625414
BLVDW,0001592016
AGII,0001091748
REIS,0001038222
TIME,0001591517
WD,0001497770
LDP,0001270436
PDT,0000855886
DTF,0000883237
REV,0000887921
LXU,0000060714
FSI,0001069394
OXY,0000797468
TECU,0000096831
XON,0001356090
GNVC,0000934473
FLXN,0001419600
FRBK,0000834285
FOE,0000035214
MIXT,0001576914
TFSCR,0001606163
JBSS,0000880117
NXPI,0001413447
ISH^B,0000278041
IKGH,0001417754
ASBI,0000855574
WIX,0001576789
FNFG^B,0001051741
FSNN,0001071411
LMIA,0001059562
AXPW,0001028153
EDUC,0000031667
WOR,0000108516
OHRP,0001173281
TATT,0000808439
SODA,0001502916
NXST,0001142417
HSFC^B,0000048681
CVO,0000920321
TDI,0000096966
EHI,0001228509
BLL,0000009389
ABEOW,0000318306
LIQD,0001562594
NUTR,0001050007
CDR^B,0000761648
VMEM,0001407190
SAQ,0001377936
CCJ,0001009001
FULLL,0001490013
LVLT,0000794323
ADMS,0001328143
DDT,0000028917
BXMX,0001298699
QIHU,0001508913
MMC,0000062709
IFON,0001274032
ROIQ,0001581607
CGEN,0001119774
XGTIW,0001565228
SGYPU,0001347613
OZM,0001403256
HYT,0000900724
DGAS,0000277375
PBH,0001295947
ADHD,0001566049
TCB^C,0000814184
SXC,0001514705
FBP,0001057706
XENE,0001582313
MLR,0000924822
RBY,0001057791
SNHY,0001024795
EW,0001099800
OII,0000073756
BIOL,0000811240
ELECU,0001639669
VIA,0001339947
MNR^B,0000067625
DVD,0001017673
SBY,0001557255
KAMN,0000054381
WES,0001414475
UFAB,0001617669
DIOD,0000029002
CEM,0001488775
ATNY,0001081078
CHCT,0001631569
VTAE,0001157602
CMLP,0001304464
RYI,0001481582
CFFN,0001074433
SCHW^B,0000316709
SCHW,0000316709
AMCO,0001410711
SVT,0000089140
LOV,0001314475
EPAY,0001073349
KONE,0001487839
SGYP,0001347613
MVC,0001099941
PCTY,0001591698
MYRG,0000700923
SRLP,0001525287
BNCL,0001378020
BDJ,0001332283
HEP,0001283140
ICON,0000857737
TUP,0001008654
XNCR,0001326732
SAN^B,0000891478
GJV,0001140396
GPL,0001300050
ANCX,0001176316
BCOR,0001068875
AVK,0001219120
VAR,0000203527
ODC,0000074046
NOR,0001422105
SYF,0001601712
PXD,0001038357
FMS,0001019600
SLMBP,0001032033
UIS,0000746838
ITT,0000216228
VSEC,0000102752
FCEL,0000886128
WTI,0001288403
GBDC,0001476765
EXR,0001289490
LAMR,0001090425
AKAO,0001301501
WTT,0000878828
TNP^C,0001166663
MOG.B,0000067887
CHKP,0001015922
TNP^B,0001166663
LTC,0000887905
DEX,0001396167
CPRX,0001369568
TESS,0000927355
CBG,0001138118
NORD,0001492966
NEM,0001164727
ALU,0000886125
CIB,0001071371
NETE,0001293330
CCLP,0001449488
ENRJ,0000008504
PCO,0001359555
REG,0000910606
PGND,0001633142
CNSL,0001304421
BCE,0000718940
KMI.WS,0000054502
LTS,0001029730
SMAC,0001608269
RIGL,0001034842
BDR,0001000683
ICCC,0000811641
MEG,0000216539
PGLC,0001432196
MBCN,0000836147
OCC,0001000230
CNCO,0001544856
SERV,0001428875
XEL,0000072903
ERN,0001402281
CMTL,0000023197
PLG,0001095052
JONE,0001573166
YRCW,0000716006
KW,0001408100
WBKC,0000742070
AIV,0000922864
DGLD,0001159510
FORTY,0001045986
OMCL,0000926326
MYM,0000882151
ASTE,0000792987
NCR,0000070866
AMC,0001411579
ASA,0001230869
SREV,0001310114
JMG,0001622893
MFO,0001055160
DYN,0001379895
IPCI,0001474835
FIVE,0001177609
STON,0001286131
VRTA,0001328300
JPW,0001573312
PBYI,0001401667
MELR,0001600890
JSM,0001032033
CCI,0001051470
STLY,0000797465
BGI,0001179821
KEP,0000887225
MLHR,0000066382
CTG,0000023111
UCP,0001572684
ESLT,0001027664
ASPS,0001462418
SWK,0000093556
EXL,0001478950
EXG,0001379438
UMC,0001033767
KIM^J,0000879101
NYRT,0001474464
DYN^A,0001379895
STAR^G,0001095651
EVT,0001253327
CXH,0000847411
DSKX,0001463959
ASFI,0001001258
NSL,0001093428
NFJ,0001260563
PLT,0000914025
AIF,0001526697
CFRX,0001478069
INT,0000789460
ISSC,0000836690
GOGO,0001537054
GCVRZ,0001121404
RIBTW,0001063537
AEH,0000769218
V,0001403161
EMZ,0000066901
BGFV,0001156388
GLPI,0001575965
SYBT,0000835324
TCBIL,0001077428
GGT^B,0000921671
FSL,0001392522
ASX,0001122411
NJR,0000356309
BSRR,0001130144
ZIV,0001159510
EMITF,0001027662
MKTX,0001278021
FLC,0001559991
MUE,0001071899
EROC,0001364541
TCP,0001075607
TRCB,0001343034
PETX,0001509190
GRBK,0001373670
MHK,0000851968
PNRG,0000056868
KCC,0000829281
UG,0000101295
EDE,0000032689
CNXC,0001637558
MEMP,0001521847
ARNA,0001080709
BWLD,0001062449
BH,0000093859
STN,0001131383
PCN,0001190935
INDY,0001168562
BCRH,0001582086
CXE,0000845606
NVRO,0001444380
COOL,0001076682
KVHI,0001007587
WBC,0001390844
WPP,0000105076
SVBI,0000868271
XL,0000875159
IL,0001488075
AGU,0000943003
KEY,0000091576
BTH,0000921503
EXXI,0001343719
BDX,0000010795
NSTG,0001401708
EPAM,0001352010
HSEA,0000873630
GBIM,0001245104
SB^B,0001434754
NBL,0000072207
VII,0000310056
AZPN,0000929940
GAM,0000040417
AJX,0001614806
GDP^D,0000943861
CEMP,0001461993
TCBIP,0001077428
PRE^E,0000911421
BKE,0000885245
GNE^A,0001528356
INUV,0000829323
ERS,0001019272
VSLR,0001607716
SNTA,0001157601
ASMB,0001426800
ENH,0001179755
ANH^C,0001047884
SWH,0000093556
MRCY,0001049521
MERC,0000075659
ICPT,0001270073
MPG,0001616817
BGMD,0001407038
JOBS,0001295484
HOT,0000316206
AEK,0000769218
ALR,0001145460
NAVG,0000793547
LMCB,0001560385
HBIO,0001123494
FCCO,0000932781
ALV,0001034670
GOGL,0001029145
IIF,0000916618
WMLP,0001412347
KRNT,0001625791
BXP^B,0001037540
JEQ,0000866095
SIFY,0001094324
HAL,0000045012
HCSG,0000731012
MSON,0000880432
ARCC,0001287750
PNI,0001170311
SNPS,0000883241
CELGZ,0000816284
RXDX,0001557421
WETF,0000880631
MFA,0001055160
GWB,0001613665
SSTK,0001549346
PCG^I,0001004980
FAST,0000815556
MODN,0001118417
FCT,0001282850
OAKS,0001547546
MXWL,0000319815
ACP,0001503290
ZSPH,0001459266
CETV,0000925645
ITRI,0000780571
HOLI,0001357450
HCBK,0000921847
BKEPP,0001392091
BTZ,0001379384
GME,0001326380
MDGS,0001618500
RBS^N,0000844150
GAINP,0001321741
TTWO,0000946581
SHLM,0000087565
TNK,0001419945
ENTA,0001177648
PPP,0001455886
MAIN,0001396440
TRK,0000934648
AVID,0000896841
AHL^C,0001267395
CSH,0000807884
PSA^Y,0001393311
WCG,0001279363
DEG,0000930309
MSBF,0001374783
MMS,0001032220
PRO,0001392972
HT^B,0001063344
VCO,0000930543
XUE,0001499619
XPL,0000917225
GIII,0000821002
HAS,0000046080
SSFN,0001023860
CJES,0001615817
TDC,0000816761
GBLI,0001494904
CVTI,0000928658
DFT,0001407739
ASBB,0001520300
AVV,0001140022
HCAP,0001559909
INNL,0001603469
MTS,0000067813
TGH,0001413159
ENTL,0001374128
ECR,0001600470
LNG,0000003570
CMCT,0000908311
EIX,0000827052
GLOG^A,0001534126
JASNW,0001579252
SLTC,0001090908
FREE,0001325159
WNFM,0001636032
NVFY,0001473334
BGG,0000014195
KMT,0000055242
CSOD,0001401680
CUBI,0001488813
AGM,0000845877
PKY,0000729237
PERF,0000880460
PSB^S,0000866368
SHAK,0001620533
MRNS,0001267813
JHS,0000759866
FFIC,0000923139
IBM,0000051143
MNI,0001056087
EOD,0001386067
TCBK,0000356171
DEL,0001022469
SYK,0000310764
SLG,0001040971
RE,0001095073
JHP,0001200446
LTBR,0001084554
MMSI,0000856982
SNY,0001121404
IND,0001039765
DDR^K,0000894315
SSY,0000096793
ONE,0001486800
GHL,0001282977
BHE,0000863436
ATE,0001158838
NDLS,0001275158
MDSO,0001453814
LOGI,0001032975
LEJU,0001596856
ALE,0000066756
TDW,0000098222
FINL,0000886137
BFS,0000907254
ENBL,0001591763
SXL,0001161154
INGN,0001294133
JWN,0000072333
CHA,0001191255
GILT,0000897322
IBIO,0001420720
EXL^B,0001478950
NRK,0001195739
TAPR,0000312069
DSLV,0001159510
VGGL,0000725876
GTIM,0000825324
HMG,0000311817
CLNY^C,0001467076
ZQK,0000805305
SEMI,0001585854
CGIX,0001349929
HCN^I,0000766704
GRF,0000850027
NPN,0001454978
ONP,0001358190
RARE,0000883976
AT,0001419242
PRMW,0001365101
OESX,0001409375
AXPWW,0001028153
CCFI,0001528061
TYC,0000833444
RDIB,0000716634
TEF,0000814052
EXAR,0000753568
EXA,0000890264
MSTX,0001160308
RUTH,0001324272
NERV,0001598646
JRJC,0001297830
ARI^A,0001467760
NEWM,0001579684
MSB,0000065172
HTH,0001265131
ZPIN,0001378564
S,0000101830
OXLCN,0001495222
GIMO,0001484504
TMP,0001005817
LXFR,0001096056
BX,0001393818
TDJ,0000096966
EXC,0001109357
CTF,0001522699
CAPL,0001538849
CQH,0001582966
WIBC,0001285224
WINA,0000908315
VRNG,0001410428
CLIR,0001434524
TDY,0001094285
OIIM,0001095348
DHG,0001375387
EVGN,0001574565
TCO^J,0000890319
LION,0000822662
GNE,0001528356
RBS^R,0000844150
DCO,0000030305
ONCY,0001129928
VECO,0000103145
PFPT,0001212458
FNHC,0001069996
EVBN,0000842518
TM,0001094517
EIGI,0001237746
ENPH,0001463101
HTWR,0001389072
BRLI,0000792641
MX,0001325702
ST,0001477294
FAF,0001472787
MFNC,0000036506
RPT,0000842183
PAH,0001590714
ARCO,0001508478
AVEO,0001325879
BANC^D,0001169770
HEI,0000046619
INVE,0001036044
SDLP,0001553467
MEILW,0001436549
VSTO,0001616318
BLX,0000890541
CUDA,0001348334
TVPT,0001424755
NPO,0001164863
NTIC,0000875582
ERI,0000854852
CALL,0001005699
CLBH,0001127160
ATLC,0001464343
IRMD,0001325618
NCT^D,0001175483
SKT,0000899715
OKSB,0000914374
PFO,0001559991
MGYR,0001337068
GIG,0001432150
VDSI,0001044777
SMIT,0000922612
INTLL,0000913760
XBKS,0001442741
VHC,0001082324
SCL,0000094049
DXM,0001556739
CORR^A,0001347652
FBC,0001033012
UNH,0000731766
SPEX,0000012239
QNST,0001117297
RRMS,0001527622
CFR^A,0000039263
EGAS,0000043350
TESO,0001022705
PLOW,0001287213
MTX,0000891014
PRSS,0001117733
NYLD,0001567683
UEIC,0000101984
GKNT,0001096199
WFC^T,0000072971
SYMC,0000849399
VET,0001293135
KB,0001445930
MIND,0000926423
CRIS,0001108205
PSA^R,0001393311
EJ,0001405658
SPXX,0001298699
NECB,0001354772
VRS,0001421182
BHP,0000811809
WCN,0001057058
MITT^B,0001514281
EXTR,0001078271
MS^F,0000895421
CMC,0000022444
BDC,0000913142
NWS,0001564708
WBK,0000719245
CYN,0000201461
DISCA,0001437107
LAYN,0000888504
DERM,0001557883
CUNB,0001543643
CYNO,0000885306
ACCO,0000712034
T,0000732717
BMA,0001347426
ALL^B,0000899051
CAL,0000014707
NPBC,0000700733
PRU,0001137774
CTY,0000068622
CSA,0001332896
TVC,0001376986
HMLP,0001603016
SQBK,0001329799
LNTH,0001521036
MS^E,0000895421
SGY,0000904080
GPT,0001287701
MAA,0000912595
MMAC,0001003201
ORIG,0001447382
PAC,0001347557
AGNCB,0001423689
MFL,0001045126
ACUR,0000786947
EVTC,0001559865
UAL,0000100517
MRLN,0001260968
ARE^E,0001035443
PRKR,0000914139
PHIIK,0000350403
VNO^G,0000899689
GARS,0001509892
COO,0000711404
WDC,0000106040
VCV,0000895531
FLKS,0001615219
EVY,0001074685
HBI,0001359841
ADP,0000008670
REE,0001419806
UFPI,0000912767
AMTD,0001173431
LANC,0000057515
ROIA,0001041657
MDC,0000773141
MAT,0000063276
WM,0000823768
DAKT,0000915779
KRC^G,0001025996
SMG,0000825542
CET,0000018748
ABTL,0001023364
X,0001163302
SAEX,0001514732
WGP,0001423902
DG,0000029534
UDR,0000074208
PWOD,0000716605
FGEN,0000921299
FET,0001401257
RRC,0000315852
MITT,0001514281
KRNY,0001295664
SLCA,0001524741
IBKC,0000933141
AGRX,0001261249
SEAC,0001019671
TCB,0000814184
MYE,0000069488
EFUT,0001329365
BCS^,0000312069
VA,0001614436
BBT^F,0000092230
CTWS,0000276209
RDY,0001135951
ORIT,0001374756
ISBC,0001326807
WPPGY,0000806968
MHR^E,0001335190
CNIT,0001552670
ASRVP,0000707605
AGM^B,0000845877
GCAP,0001444363
SBLKL,0001386716
MU,0000723125
DAEG,0000880562
HGSH,0001158420
RCI,0000733099
AFSD,0000004977
AKBA,0001517022
CRBP,0001595097
SCHL,0000866729
FRME,0000712534
SYNL,0000095953
AEY,0000874292
FIZZ,0000069891
CRDC,0001178104
JPM^G,0000019617
GNCA,0001457612
RNR^C,0000913144
AQXP,0001404644
ALR^B,0001145460
ETN,0001551182
CVC,0001053112
TCI,0000733590
MPB,0000879635
GSL^B,0001430725
RSPP,0001588216
DCT,0001170991
PDI,0001510599
HURN,0001289848
OVAS,0001544227
PSB^V,0000866368
GRVY,0001313310
AAOI,0001158114
LQDT,0001235468
AGMX,0001439210
FLIC,0000740663
SPRT,0001104855
EVI,0000065312
MOMO,0001610601
AIRM,0000816159
PBFX,0001582568
TORM,0000842295
LTRX,0001114925
PFSI,0001568669
RKDA,0001469443
HAWK,0001411488
PRFT,0001085869
TWX,0001105705
CHMT,0001091862
FFNW,0001401564
FR,0000921825
KELYB,0000055135
FRC^D,0001132979
EFX,0000033185
PCI,0001558629
HRMNW,0001612720
TSRE,0001299901
JPM^E,0000019617
BCBP,0001228454
ETSY,0001370637
RENX,0000929872
BIDU,0001329099
NSIT,0000932696
RBS^M,0000844150
CLRBW,0001279704
CHK,0000895126
M,0000794367
ORI,0000074260
SUMR,0001314772
PIM,0000830622
MDU,0000067716
MGU,0001326390
DORM,0000868780
OPY,0000791963
GUA,0000044545
ARO,0001168213
RAS^C,0001045425
PPBI,0001028918
DAVE,0001021270
MWA,0001350593
CHDN,0000020212
SEED,0001321851
MYI,0000883412
GPP,0001635650
CBMG,0001378624
RADA,0000761238
QEP,0001108827
SCG,0000754737
CRDI,0001510030
W,0001616707
FSC,0001414932
SLAB,0001038074
SDT,0001509228
PFSW,0001095315
SRCE,0000034782
SLTD,0001172631
SPSC,0001092699
AFSI^D,0001365555
SOFO,0001029744
LXFT,0001538375
GDV,0001260729
ASGN,0000890564
SAM,0000949870
AMRB,0001108236
AGRO,0001499505
TX,0001342874
OSTK,0001130713
CBNK,0001355786
GOOGL,0001288776
SCI,0000089089
CPT,0000906345
WTR,0000078128
CIVB,0000944745
FORD,0000038264
COR,0001490892
DWRE,0001301031
EPR^F,0001045450
JCE,0001385763
MPWR,0001280452
WPX,0001518832
ARL,0001102238
PLM,0000866028
MTSC,0000068709
ZB^A,0001642140
JBN,0001221546
UCBI,0000857855
IMPR,0001328015
CCRN,0001141103
AFMD,0001608390
GURE,0000885462
NAT,0001000177
AF^C,0000910322
JUNO,0000723888
ABAC,0001486299
PSF,0001270436
ARDM,0001013238
AROW,0000717538
RGS,0000716643
SQNS,0001383395
ENLK,0001179060
BBLU,0001422109
ARY,0001287750
C^L,0000831001
ZBH,0001136869
FCVA,0001263814
CF,0001324404
APP,0001336545
OXFD,0001586049
EIG,0001379041
CRVP,0001123316
BLRX,0001498403
TACOW,0001585583
ROLL,0001324948
KIM^I,0000879101
SSW,0001332639
GLPW,0001136294
APU,0000932628
NXN,0000885731
APEI,0001201792
KIO,0001515940
SHOP,0001594805
ELB,0000060527
IDTI,0000703361
KPTI,0001503802
GAIA,0001089872
LYB,0001489393
CHU,0001113866
MEIP,0001262104
EXP,0000918646
OMER,0001285819
JDSU,0000912093
CEVA,0001173489
ETB,0001308927
CHH,0001046311
VMC,0001396009
SMM,0001534293
WNS,0001356570
BA,0000012927
MTRN,0001104657
HEAR,0001493761
SXT,0000310142
XBIT,0001626878
HOV,0000357294
LUB,0000016099
DHT,0001331284
OPXAW,0001069308
TEVA,0000818686
MH^A,0001412100
KYE,0001322652
BYBK,0000859222
ATV,0001365742
SWHC,0001092796
FOMX,0001606645
HBANP,0000049196
FTT,0001406591
ENDP,0001100962
IMGN,0000855654
DSU,0001051003
GIB,0001061574
VG,0001272830
FDML,0001419581
NGHCO,0001578735
CAKE,0000887596
TD,0000947263
TBIO,0001043961
MFM,0000801961
FARM,0000034563
PUMP,0001033660
WSO,0000105016
SB^D,0001434754
KAP,0001372807
MORN,0001289419
KITE,0001510580
NLY^C,0001043219
PNM,0001108426
GRA,0001045309
TTPH,0001373707
ISD,0001534880
BKSC,0001007273
MCC,0001490349
BC,0000014930
URI,0001067701
AGO^E,0001273813
MTGE,0001516973
FRP,0001062613
ADT,0001546640
ZB^F,0001642140
IQNT,0001292653
ARR,0001428205
ESGR,0001363829
JHX,0001159152
MHNA,0001412100
DSL,0001566388
CFX,0001420800
AV,0001140022
TYG^C,0001268533
LNDC,0001005286
KT,0000892450
BAC^E,0000070858
CCG^A,0001490983
ACAT,0000719866
ATLS,0001623595
FOF,0001270436
JOF,0000859796
MKC.V,0001206624
RBCN,0001410172
AA,0000004281
NLNK,0001126234
USDP,0001610682
CAAS,0001157762
HSEB,0000873630
MAV,0001258943
OMI,0000075252
APH,0000820313
ITI,0000350868
SYN,0000894158
KIM^H,0000879101
CYN^C,0000201461
ATNI,0000879585
VNET,0001508475
DXCM,0001093557
EXAC,0000913165
CMRX,0001117480
LII,0001069202
TSL,0001382158
BAX,0000010456
CRMD,0001410098
GPC,0000040987
JMBA,0001316898
BHB,0000743367
HGR,0000722723
PSB^U,0000866368
DMLP,0001172358
FPP,0000316736
WEN,0000030697
PCYO,0000276720
DLR^E,0001297996
SFNC,0000090498
PCRX,0001396814
ICLDW,0001128725
TRCH,0001431959
QUNR,0001551060
NMY,0000897424
DGI,0001208208
ENS,0001289308
DRNA,0001399529
FOSL,0000883569
STAR,0001095651
SPWH,0001132105
PCG^C,0001004980
ABIO,0000907654
LFC,0001268896
UCTT,0001275014
EOG,0000821189
ROL,0000084839
VLO,0001035002
CMT,0001026655
FELP,0001540729
RMP,0001620928
LCI,0000057725
VSTM,0001526119
REPH,0001588972
LSBK,0001341318
SHEN,0000354963
TGEN,0001537435
AFSI,0001365555
SGYPW,0001347613
AMBCW,0000874501
MNRK,0001364856
ARWA,0001622577
ACE,0000896159
IHG,0000858446
ROVI,0001424454
RESN,0001579910
AMX,0001129137
KAR,0001395942
FUN,0000811532
HWKN,0000046250
CMRE,0001503584
ALN,0001117057
IO,0000866609
DDR,0000894315
CSCO,0000858877
JCOM,0001084048
TBRA,0001311596
RGLS,0001505512
EMO,0001517518
PKBK,0001315399
LMRK,0001615346
DRQ,0001042893
ARAY,0001138723
SNC,0001610793
TAC,0001144800
FNB,0000037808
PW,0001532619
PLUG,0001093691
GMCR,0000909954
CST,0001562039
PNTR,0000920532
AWF,0000906013
AMZN,0001018724
CMPR,0001262976
MMLP,0001176334
BAC,0000070858
JGW,0001580185
PBMD,0001506184
LVNTA,0001355096
ANCI,0001316645
WAL,0001212545
PBPB,0001195734
BAC^Z,0000070858
RF,0001281761
COST,0000909832
CFC^A,0000025191
YZC,0001048098
KBH,0000795266
SBRAP,0001492298
NCT^C,0001175483
LBRDK,0001611983
GAINO,0001321741
EGLT,0001586105
SFXE,0001553588
AWX,0001061069
HCI,0001400810
EMIF,0001168562
ETR,0000065984
RFIL,0000740664
NBG^A,0001096061
ZNH,0001041668
WSTC,0001024657
HEOP,0000921547
STAR^F,0001095651
GAME,0001470157
MATW,0000063296
HHC,0001498828
MCRB,0001609809
GEL,0001022321
BZC,0000099359
HFWA,0001046025
NSR,0001265888
BFK,0001137393
MCZ,0001088162
HCP,0000765880
RDN,0000890926
LITB,0001523836
AE,0000002178
AFSI^A,0001365555
WU,0001365135
GRPN,0001490281
PPX,0001047459
PHX,0000315131
ENT,0001512077
AHT^D,0001232582
UBP^G,0001029800
ETE,0001276187
FIF,0000854711
NWHM,0001574596
CENX,0000949157
IPB,0000065100
NSEC,0000865058
CARB,0001340127
ENH^B,0001179755
CCXI,0001340652
TRGP,0001389168
DLPH,0001521332
MCR,0000851170
VMI,0000102729
CY,0000791915
NDP,0001547158
CLA,0001571329
RUSHA,0001012019
FVE,0001159281
ZNWAA,0001131312
EPIQ,0001027207
WAB,0000943452
SYY,0000096021
GASS,0001328919
RWC,0000002186
HMSY,0001196501
HOS,0001131227
CHSP^A,0001473078
CNAT,0001383701
FE,0001031296
IEP,0000813762
BLH,0001159039
WTFC,0001015328
STI,0000750556
AFL,0000004977
EVF,0001070732
LKFN,0000721994
AGCO,0000880266
MGA,0000749098
DSE,0000883237
GPRO,0001500435
NVCN,0001399708
LHO,0001053532
CLH,0000822818
TINY,0000893739
VSAT,0000797721
COSI,0001171014
HFC,0000048039
RGSE,0001425565
SWIR,0001111863
KLIC,0000056978
OMED,0001302573
CRDS,0001093207
WTFCW,0001015328
CBRL,0001067294
CSGS,0001005757
VALU,0000717720
PVH,0000078239
NSLP^A,0001560443
JCAP,0001622353
DCUA,0000715957
CBAY,0001042074
UMPQ,0001077771
HSII,0001066605
WLL,0001255474
GALE,0001390478
SFS,0001563407
DRWIW,0001178946
HOMB,0001331520
BXE,0001483405
OAKS^A,0001547546
AAAP,0001611787
NML,0001562051
TMO,0000097745
WFC^L,0000072971
ADM,0000007084
RGC,0001168696
RES,0000742278
MTB^,0000036270
OSHC,0001298716
CLLS,0001627281
CREG,0000721693
KINS,0000033992
SUBK,0000754673
SLMAP,0001032033
JLL,0001037976
PRE^F,0000911421
TVIX,0001159510
MET^A,0001099219
MILL,0000785968
ISCA,0000051548
ASB.WS,0000007789
MSP,0001317080
EPRS,0001135906
WLKP,0001604665
XTLB,0001023549
NICK,0001000045
CUB,0000026076
AEZS,0001113423
STK,0000094673
OCIR,0001575051
NBD,0001493523
DTQ,0000936340
CSIQ,0001375877
FFHL,0001381074
RDNT,0000790526
ORCL,0001341439
TOUR,0001597095
MOKO,0001496371
GE,0000040545
AMCC,0000711065
TPH,0001561680
FHN^A,0000036966
MRD,0001599222
PRE,0000911421
CBL,0000910612
APDN,0000744452
SOCB,0001083689
OXLCO,0001495222
HSY,0000047111
OSIS,0001039065
BIND,0001385228
CYAN,0000768408
SCD,0001270131
DRWI,0001178946
BVN,0001005315
CHS,0000897429
MBTF,0001118237
NVLS,0001626199
JAZZ,0001232524
DHF,0001057861
BID,0000823094
MLSS,0000855683
GNW,0001276520
STAY,0001581164
CMFN,0001578348
PRSN,0000320174
TKC,0001071321
SU,0000311337
ALDX,0001341235
SFM,0001575515
HRMNU,0001612720
HCLP,0001549848
PX,0000884905
HBM.WS,0001322422
ECOL,0000742126
XNPT,0001130591
CVEO,0001590584
ABGB,0001161785
TOWR,0001485469
AAPL,0000320193
EEP,0000880285
PNC^P,0000713676
AKS,0000918160
NOV,0001021860
PUK^,0001116578
TSE,0001519061
USLV,0001159510
LPSN,0001102993
PEI,0000077281
DANG,0001499744
FBRC,0001371446
HGH,0000874766
VIDI,0000848135
TFSL,0001381668
AMH^B,0001562401
MMP,0001126975
SAN^I,0000891478
IX,0001070304
CSI,0000030125
SAL,0001060219
ISRL,0000719209
IEC,0000049728
NLY,0001043219
MZF,0001235511
FLL,0000891482
AVA,0000104918
TVE,0001376986
EVEP,0001361937
CRM,0001108524
GLBZ,0000890066
CVA,0000225648
ALL,0000899051
CBFV,0001605301
BBBY,0000886158
CISG,0001413855
GHDX,0001131324
SMT,0001489147
WRB,0000011544
MBWM,0001042729
TFSC,0001606163
NC,0000789933
ALL^F,0000899051
IBA,0001044896
ESNT,0001448893
GCA,0001318568
VLP,0001583103
LPL,0001290109
SLGN,0000849869
ARRS,0001141107
STC,0000094344
RHP,0001040829
SOL,0001417892
USAT,0000896429
DCOM,0001005409
EEI,0000809933
NCB,0001454979
NLY^D,0001043219
DCI,0000029644
HW,0001003344
CDRB,0001613011
TCRD,0001464963
TTI,0000844965
EVR,0001360901
NVO,0000353278
FI,0001575828
PDII,0001054102
LYG,0001160106
GSS,0000903571
FLO,0001128928
PGZ,0001557523
HNP,0000929058
NFBK,0001493225
PHM,0000822416
EXK,0001277866
DNKN,0001357204
OGEN,0001174940
ENRJ^,0000008504
ABX,0000756894
SGU,0001002590
JPM^D,0000019617
NTT,0000769594
LACO,0001071255
LOXO,0001581720
TRUE,0001327318
WFC^R,0000072971
CYNI,0001391636
KIM^K,0000879101
PHMD,0000711665
OCLS,0001367083
BPMC,0001597264
FMY,0001403275
LH,0000920148
AKAM,0001086222
MAS,0000062996
SABR,0001597033
C^K,0000831001
DAKP,0001367311
THC,0000070318
MBRG,0000914138
HTF,0001487428
SBFGP,0000767405
HABT,0001617977
NVAX,0001000694
CLNY,0001467076
SYRG,0001413507
N,0001117106
GRAM,0001572621
SYNT,0001040426
EPZM,0001571498
BOFI,0001299709
TLR,0001288750
NUM,0000878198
NYLD.A,0001567683
YUMA^A,0000081318
CI,0000701221
ERA,0001525221
BAC^L,0000070858
GRMN,0001121788
CBI,0001027884
AMT^B,0001053507
AHPI,0000874710
USB^M,0000036104
FBNC,0000811589
DV,0000730464
MRTX,0001576263
INN^A,0001497645
MELI,0001099590
CTL,0000018926
TXMD,0000025743
SEP,0001394074
MCRI,0000907242
ESCA,0000033488
BAP,0001001290
ECA,0001157806
BBT^D,0000092230
EQCO,0000803649
CYHHZ,0001108109
USB^H,0000036104
MER^K,0000065100
LIOX,0001058299
BCOV,0001313275
DFS,0001393612
ARIA,0000884731
TIL,0001625584
MRGE,0000944765
MWE,0001166036
MG,0001436126
REX,0000744187
RCII,0000933036
EDN,0001395213
CUK,0001125259
VPCO,0000844856
GTWN,0001542299
LPTN,0001251769
TA,0001378453
METR,0001085706
WRI,0000828916
VTRB,0001174174
IRBT,0001159167
DNN,0001063259
OB,0001369817
RBA,0001046102
FCAP,0001070296
ZBK,0000109380
PGRE,0001605607
BFS^C,0000907254
AFCB,0001472093
ISG,0001231868
QUAD,0001481792
ESSX,0001373988
EVER^A,0001502749
AXAS,0000867665
AINV,0001278752
ICA,0000885012
QPACU,0001620179
WOWO,0001527762
TMUS^A,0001283699
BLOX,0001223862
HPY,0001144354
CVLY,0000806279
CERS,0001020214
NVS,0001114448
SMTP,0001506439
MDWD,0001593984
OSBC,0000357173
AXN,0001060426
FFNM,0001128227
USLM,0000082020
IGLD,0001090159
XEC,0001168054
OREX,0001382911
BHL,0001412914
EGHT,0001023731
SIRO,0001014507
HZNP,0001492426
RENT,0000800458
I^A,0001525773
ZUMZ,0001318008
TXN,0000097476
TWOU,0001459417
CRK,0000023194
ROX,0001311538
BHV,0001169034
GDEF,0001471038
ACRE,0001529377
CMLS,0001058623
ONVI,0001100917
CNW,0000023675
RRGB,0001171759
ALSK,0001089511
INTX,0001095277
CANF,0001536196
FPI,0001591670
ALLY,0000040729
BHK,0001160864
DXPE,0001020710
ANDE,0000821026
WWD,0000108312
CIG,0001157557
LGL,0000061004
VVC,0001096385
FRA,0001259708
AFG,0001042046
USPH,0000885978
GEQ,0001526104
ACM,0000868857
UIL,0001082510
MFG,0001335730
AGN^A,0000850693
TAYD,0000096536
FGL,0001585064
JPEP,0001523404
ECTE,0001031927
BONA,0001504796
FMO,0001305197
DTV,0001465112
BEAT,0001574774
ISM,0001032033
GJH,0001140396
THRX,0001080014
AFSI^B,0001365555
LDOS,0001336920
HGG,0001396279
ISIS,0000874015
LSG,0001279944
JBLU,0001158463
WBA,0001618921
OCR,0000353230
SPKE,0001606268
MFV,0000856128
MDSY,0001029581
NCS,0000883902
LVS,0001300514
NILE,0001091171
GTT,0001315255
RBS^P,0000844150
DD,0000030554
IMUC,0000822411
ERJ,0001117603
HE^U,0000354707
AF,0000910322
WY,0000106535
MHR,0001335190
FMER^A,0000354869
ZFC,0001527590
GRO,0001413257
QCRH,0000906465
BVXVW,0001611747
VOD,0000839923
OTIV,0001021604
PGH,0001088166
AEC,0000911635
MVO,0001371782
KMB,0000055785
PANW,0001327567
BLT,0001001606
SMACU,0001608269
JST,0001053008
TGP,0001308106
FCN,0000887936
MCBK,0001547635
GEVO,0001392380
KSU^,0000054480
ENZ,0000316253
ISH^A,0000278041
FSP,0001031316
PYN,0001181505
FRED,0000724571
RVNC,0001479290
CPL,0001300482
EFF,0001573698
BBT^G,0000092230
CATM,0001277856
CAM,0000941548
NTG,0001057693
SPAN,0000718924
PDM,0001042776
MTB,0000036270
CSAL,0001620280
IACI,0000891103
MDP,0000065011
MSEX,0000066004
OAS,0001486159
ARCB,0000894405
RBS,0000844150
SURG,0000836429
BIT,0001562818
PFIE,0001289636
SSNI,0001180079
AHH,0001569187
IRET^,0000798359
CPSH,0000814676
RSAS,0000932064
ARP^E,0001532750
GBNK,0001324410
GV,0000042316
GGG,0000042888
EFOI,0000924168
ESCR,0000029834
AEE,0001002910
H,0001468174
MR,0001373060
CR,0000025445
OBCI,0000350737
MCY,0000064996
FLR,0001124198
EBR,0001439124
RLGY,0001398987
SMED,0000898770
DST,0000714603
NGL,0001504461
MHO,0000799292
FIX,0001035983
IKAN,0001219210
LGND,0000886163
TRIP,0001526520
EZPW,0000876523
OMG,0000899723
EXFO,0001116284
PTN,0000911216
BIO,0000012208
IMDZ,0001437786
CSII,0001180145
CZNC,0000810958
GLF,0001030749
CVSL,0001403085
EOC,0000926864
MUI,0001232860
ARC,0001305168
MRC,0001439095
BKH,0001130464
SSRG,0001616101
ACSF,0001581934
PRAA,0001185348
TCB^B,0000814184
CEN,0001124887
KEYW,0001487101
BABA,0001577552
QTNT,0001596946
CYN^D,0000201461
HMNY,0001040792
GGP^A,0000895648
WGO,0000107687
CVB,0000829281
QSII,0000708818
DDR^J,0000894315
ARP^D,0001532750
LILA,0001570585
CPB,0000016732
SEM,0001320414
RMCF,0001616262
MASI,0000937556
NEWR,0001448056
NMIH,0001547903
FSGI,0001138817
RNR^E,0000913144
MENT,0000701811
NTIP,0001065078
HD,0000354950
CLDT,0001476045
INVT,0001084752
DX^A,0000826675
MPA,0000891038
GCH,0000887546
HPP^B,0001482512
KZ,0001285137
TASR,0001069183
ABR^C,0001253986
WLH,0001095996
HWAY,0000704415
HRL,0000048465
UFPT,0000914156
GHC,0000104889
ADS,0001101215
NNA,0001437260
GXP^A,0001143068
NAV,0000808450
PEI^A,0000077281
PSA^T,0001393311
PER,0001521168
KWN,0001408100
DTEA,0001627606
ISR,0000728387
DFP,0000859139
I,0001525773
NOAH,0001499543
HTZ,0001364479
CORI,0001594337
BUD,0001140467
SYX,0000945114
CUBE^A,0001298675
LGF,0000929351
STRI,0001473597
SPPR,0000919640
PDEX,0000788920
CPIX,0001087294
UTEK,0000909791
BLW,0000831001
WSM,0000719955
LGCY,0001358831
RITTW,0001041844
TAL,0001331745
BOJA,0001630132
GOODP,0001234006
VSR,0000803647
FPT,0001202806
CCG,0001490983
MEA,0001048685
KORS,0001530721
PSA^Q,0001393311
LBTYA,0001570585
JVA,0001007019
SGA,0000886136
ISP,0001039765
DPG,0000883237
NWPX,0001001385
CUO,0000024104
IOC,0001221715
ALL^A,0000899051
CUBS,0001488813
CAT,0000018230
ACC,0001283630
OFG^A,0001030469
UBP^F,0001029800
VEC,0001601548
STRM,0001008586
EIV,0001196867
LFL,0001047716
ANTH,0001316175
ITG,0000920424
PSMT,0001041803
CSC,0000023082
AUMAU,0001615857
NXZ,0001131062
NZH,0001137888
CMS^B,0000811156
MHR^C,0001335190
WR,0000054507
TLYS,0001524025
PB,0001068851
AOI,0000939930
MGM,0000789570
LTRPB,0001606745
IPG,0000051644
TCCO,0000096699
IRC,0000923284
GFA,0001389207
GAIN,0001321741
NKG,0001177219
WHG,0001165002
CWEI,0000880115
BRKL,0001049782
COR^A,0001490892
ALXN,0000899866
CBD,0001038572
AMRS,0001365916
JOUT,0000788329
VTR,0000740260
HI,0001417398
QRVO,0001604778
VLY^A,0000714310
PCLN,0001075531
THM,0001134115
WAT,0001000697
TCBI,0001077428
SLH,0001324245
CTB,0000024491
ORN,0001402829
R,0000085961
PVCT,0000315545
ENOC,0001244937
GPX,0000070415
MELA,0001051514
BIN,0001318220
VVR,0001059386
PPL,0000922224
LRN,0001157408
SGNT,0001369786
ZA,0001501176
JAKK,0001009829
BURL,0001579298
ONTX,0001130598
DX,0000826675
JNP,0000821995
GFNSL,0001342287
BOH,0000046195
OCLSW,0001367083
PRTO,0001359931
TGC,0001001614
FRPT,0001611647
UFS,0001381531
CPE,0000928022
HKTV,0001097086
CRH,0000849395
LG,0001126956
NTK,0001216596
AFA,0001042046
AEIS,0000927003
GSVC,0001509470
CNLMU,0001619551
RPXC,0001509432
BDSI,0001103021
NVSL,0001493552
HBMD,0001390162
REXX,0001397516
BLUE,0001293971
TG,0000850429
MLNX,0001356104
NCV,0001214935
HTM,0001172136
CNTF,0001316317
PYT,0001260395
PZE,0001099205
OUT,0001579877
WPZ,0001483096
AAVL,0001501756
PFX,0001129633
EBMT,0001478454
F,0000037996
HON,0000773840
SAJA,0001118037
BJRI,0001013488
IILG,0001434620
CPRT,0000900075
DAR,0000916540
BDBD,0001331301
SKM,0001015650
ACTG,0000934549
KOSS,0000056701
TBPH,0001583107
BRID,0000014177
DSS,0000771999
ATEC,0001350653
GSIG,0001076930
VNO,0000899689
ARCPP,0001507385
VRML,0000926617
SMTC,0000088941
GNT,0001438893
RYN,0000052827
CIE,0001471261
NI,0001111711
TE,0000350563
GERN,0000886744
KF,0000748691
THQ,0001604522
AMWD,0000794619
AEG,0000769218
PRK,0000805676
RECN,0001084765
UNM,0000005513
NEP,0001603145
GLU^A,0001282957
FNTC,0001614818
DSX^B,0001318885
APA,0000006769
CMCO,0001005229
LIME,0001065860
ENFC,0001522327
PMC,0001388195
SSWN,0001332639
CNR,0001468944
RAS,0001045425
BPK,0001159040
HELE,0000046675
ADMP,0000887247
FUEL,0001477200
NR,0000071829
BHACR,0001622175
CNLMR,0001619551
WRB^B,0000011544
BCS^A,0000312069
ADXS,0001100397
ACRX,0001427925
LAKE,0000798081
ATAI,0001420529
VOXX,0000807707
GMED,0001237831
TSU,0001066116
PIR,0000278130
UL,0000217410
AED,0000769218
VLY.WS,0000714310
EIO,0001196876
PHK,0001219360
TIF,0000098246
AEL,0001039828
SRDX,0000924717
SF,0000720672
CLS,0001030894
CHRS,0000019353
LNCE,0000057528
AFAM,0000799231
BEBE,0001059272
BPI,0001305323
RBS^Q,0000844150
STLD,0001022671
NTLS,0001328571
FF,0001337298
NTRA,0001604821
IBKR,0001381197
WAFD,0000936528
VKTX,0001607678
XXIA,0001120295
GJO,0001140396
TRMB,0000864749
ACTS,0001342068
GSAT,0001366868
WMGIZ,0001137861
CCIH,0001498576
BDN,0000790816
ADK^A,0001004724
WTM,0000776867
AMSC,0000880807
VIRC,0000751365
KTH,0000829281
HDRAU,0001615063
CUZ,0000025232
TRQ,0001158041
ENG,0000933738
ITEK,0001281895
JEC,0000052988
HDNG,0000313716
MCI,0000275694
FEYE,0001370880
JCTCF,0000885307
PSO,0000938323
TCK,0000886986
MGF,0000811922
OFC^L,0000860546
ENX,0001177162
YGE,0001394029
PEIX,0000778164
BWXT,0001486957
MYD,0000879361
MYN,0000882150
GLV,0001288795
MET,0001099219
RBC,0000082811
MCD,0000063908
JBL,0000898293
LUNA,0001239819
ULTA,0001403568
CCSC,0001499934
CDE,0000215466
CPTA,0001571329
WVFC,0000910679
DUC,0000883237
CNS,0001284812
TSM,0001046179
CNLM,0001619551
MUS,0001058234
GAINN,0001321741
ELA,0000060527
INTT,0001036262
GPRE,0001309402
PLPC,0000080035
SCYX,0001178253
CAMBU,0001588869
CIO,0001593222
DNP,0000806628
SYMX,0001375063
QLIK,0001305294
FRPH,0000844059
MRK,0000310158
AFH,0001539894
EXPR,0001483510
XOOM,0001315657
LM,0000704051
PMFG,0001422862
PVA,0000077159
TPUB,0001593195
TEGP,0001633651
CPSS,0000889609
MHNB,0001412100
SGMS,0000750004
HDB,0001144967
XONE,0001561627
PES,0000320575
CEO,0001095595
MAR,0001048286
MACK,0001274792
BOCA,0001169770
HTY,0001396502
ALG,0000897077
MNST,0000865752
AMPE,0001411906
GBR,0000105744
UGP,0001094972
VRTB,0001327603
RYAAY,0001038683
HWBK,0000893847
KGJI,0001089531
CNHI,0001567094
LBRDA,0001611983
VTTI,0001605725
VRSK,0001442145
DD^A,0000030554
ACOR,0001008848
OMC,0000029989
NVET,0001618561
GNL,0001526113
RTRX,0001438533
MGLN,0000019411
HTBI,0001538263
BPFHP,0000821127
NEWS,0001373561
AEO,0000919012
MSLI,0001031516
WRN,0001364125
DE,0000315189
RF^A,0001281761
CRD.A,0000025475
GB,0001114483
RDUS,0001428522
DFRG,0001415301
ACHC,0001520697
SCLN,0000880771
CBZ,0000944148
KEX,0000056047
ITCI,0001567514
MUR,0000717423
UNFI,0001020859
STO,0001140625
SMLR,0001554859
APOL,0000929887
SPCB,0001291855
ALIM,0001267602
TNDM,0001438133
UHT,0000798783
CETX,0001435064
TYL,0000860731
OTIC,0001493566
AMD,0000002488
TRXC,0000876378
CACC,0000885550
ONTY,0001412067
VIRT,0001592386
UVSP,0000102212
SNDK,0001000180
KEQU,0000055529
SILC,0000916793
CONN,0001223389
CALD,0001035748
NWY,0001211351
PUB,0001636286
PFL,0001244183
NEU,0001282637
GLMD,0001595353
SNV^C,0000018349
ALL^E,0000899051
NRF^B,0001273801
SXCP,0001555538
EIM,0001176984
DBL,0001525201
NEE^I,0000753308
ONFC,0001070190
ENVI,0001174266
DLTR,0000935703
MDGN,0001138776
TGI,0001021162
SHLO,0000904979
RF^B,0001281761
PBI,0000078814
MSCC,0000310568
QCCO,0001289505
MEET,0001078099
LIFE,0001073431
KING,0001580732
MMI,0001578732
TAXI,0001000209
UVV,0000102037
LOCO,0001361859
RLGT^A,0001171155
RMAX,0001581091
ZU,0001478484
TRV,0000086312
RIBT,0001063537
ISIG,0000875355
SPLK,0001353283
SMMF,0000811808
GLRI,0001597131
FXEN,0000907649
CHTR,0001091667
ATVI,0000718877
HIIQ,0001561387
RDS.B,0001306965
VCF,0000907573
FDUS,0001513363
AMTX,0000738214
STRN,0000728331
BKS,0000890491
FXCM,0001499912
ORPN,0001596812
OSM,0001032033
LOGM,0001420302
MAYS,0000054187
PWRD,0001403849
MILL^C,0000785968
PODD,0001145197
HIE,0001519505
MGH,0001020825
ANGI,0001491778
DCTH,0000872912
CRI,0001060822
BRS,0000073887
IHT,0000082473
DL,0001438644
GLYC,0001253689
PGN,0001594590
LOR,0001323206
NRF^D,0001273801
SHLD,0001310067
BPOPM,0000763901
PIP,0001326190
AAP,0001158449
KTOS,0001069258
TWER,0001349437
MXPT,0001611231
ZTS,0001555280
TER,0000097210
NID,0001557915
LOJN,0000355777
AGO,0001273813
NVDQ,0001173293
CERU,0001401914
EDAP,0001041934
ORC,0001518621
THGA,0000944695
WERN,0000793074
HMN,0000850141
BRCD,0001009626
HTHT,0001483994
SM,0000893538
PRH,0001137774
BLVD,0001592016
VNR,0001384072
ARP,0001532750
MBT,0001115837
RDC,0000085408
GULTU,0001565146
AGIO,0001439222
MGRC,0000752714
MEI,0000065270
HUBS,0001404655
FHY,0001329388
POM,0001135971
QDEL,0000353569
MOD,0000067347
SIF,0000090168
CCK,0001219601
VEDL,0001370431
IRT,0001466085
DHX,0001393883
AGC,0001219120
SRPT,0000873303
BSPM,0001418133
CEQP,0001136352
AVAV,0001368622
FSS,0000277509
PFIN,0000075340
DYSL,0000030831
RGT,0001514490
PGP,0001318025
VOC,0001505413
TSRA,0001261694
LBTYK,0001570585
NBIX,0000914475
MTL,0001302362
SBW,0000914035
CATYW,0000861842
FELE,0000038725
GBSN,0001512138
AIW,0001209028
TREC,0000007039
LMNR,0001342423
ROYL,0000864839
CLCD,0001348649
VICL,0000819050
NPTN,0001227025
EXLS,0001297989
ZEUS,0000917470
FMD,0001262279
CALA,0001496671
SIGI,0000230557
DHRM,0001474627
AMG,0001004434
EMN,0000915389
BECN,0001124941
LXRX,0001062822
BFZ,0001137391
ARE,0001035443
BAS,0001109189
FTK,0000928054
EGAN,0001066194
PZG,0001629210
MPAA,0000918251
INOD,0000903651
THOR,0000350907
SLP,0001023459
ICLN,0001112987
ROIQU,0001581607
BZH,0000915840
NSIG,0001494756
KYO,0000057083
HK,0001282648
SBH,0001368458
SRC,0001308606
CGA,0000857949
PANL,0001005284
GLUU,0001366246
NMRX,0000870753
BW,0001104657
PMF,0001140392
RSO^C,0001332551
LNCO,0001549756
CTRX,0001363851
BBF,0001137392
JPM^B,0000019617
MFD,0001276469
ESSA,0001382230
ARR^A,0001428205
DQ,0001477641
CFFI,0000913341
BYLK,0000275119
GWR,0001012620
DISH,0001001082
OPXA,0001069308
RBS^F,0000844150
CSQ,0001275214
GGT,0000921671
CIF,0000833021
BHLB,0001108134
PWR,0001050915
AFSI^C,0001365555
MBI,0000814585
INS,0000320340
CMN,0000019446
DK,0001351541
MER^F,0000065100
JIVE,0001462633
CO,0001467808
RDCM,0001016838
HLF,0001180262
WILN,0001518419
MIL,0000016859
GLDI,0001004570
CPS,0001320461
RSO,0001332551
AGD,0001362481
HDS,0001573097
ARCX,0001583744
SONS,0001105472
BSX,0000885725
CHSCM,0000823277
XPLR,0001177845
MLM,0000916076
BCS^C,0000312069
WFBI,0001476264
UCFC,0000707886
NSP,0001000753
TRIB,0000888721
SO,0000092122
ENB,0000895728
CBAN,0000711669
TRIL,0001616212
SNE,0000313838
ELS^C,0000895417
STAG^B,0001479094
MOLG,0001604929
HTA,0001360604
EDU,0001372920
TLLP,0001507615
FCAU,0001605484
VFL,0000895574
VTL,0001280776
OMAM,0001611702
TWO,0001465740
PW^A,0001532619
UGI,0000884614
NAO,0001597659
OIS,0001121484
CTRP,0001269238
FOX,0001308161
ICBK,0001470205
LOPE,0001434588
ICFI,0001362004
MS,0000895421
TBK,0001539638
COUP,0001115128
CHFC,0000019612
CTU,0000068622
RNST,0000715072
NEE^H,0000753308
CVX,0000093410
STJ,0000203077
SAFM,0000812128
MHO^A,0000799292
NUV,0001450445
CBM,0000820081
UQM,0000315449
QVCA,0001355096
CM,0001045520
EVDY,0001358483
NTES,0001110646
TTOO,0001492674
WING,0001636222
BCRX,0000882796
BBSI,0000902791
MIDD,0000769520
OPWR,0001412043
KOS,0001509991
SNMX,0001123979
MAMS,0000832488
RLYP,0001416792
ZGNX,0001375151
BIOD,0001322505
CRZO,0001040593
GIGA,0000719274
PBCT,0001378946
TCFC,0000855874
HNT,0000916085
ZIXI,0000855612
AR,0001433270
FCH,0000923603
CMG,0001058090
FITB,0000035527
BMI,0000009092
FEO,0001363438
MTOR,0001113256
TTEC,0001013880
EBIO,0001485003
JASN,0001579252
HDRA,0001615063
AUPH,0001600620
EEFT,0001029199
TMH,0001082754
SFST,0001090009
FNTCW,0001429688
MFRI,0000914122
EGP,0000049600
FITBI,0000035527
ATRO,0000008063
PJH,0001137774
DIS,0001001039
DGX,0001022079
PRSC,0001220754
XKE,0000829281
RPRX,0000897075
PPSI,0001449792
CYTR,0000799698
MHG,0001578526
CRY,0000784199
OKE,0001039684
VPG,0001487952
CPG,0001545851
ANH,0001047884
CLCT,0001089143
BCR,0000009892
GLOG,0001534126
PCAR,0000075362
HILL,0001042783
LEDS,0001333822
YDLE,0001161315
WFD,0001157647
CPHC,0000926761
FENX,0001615153
USCR,0001073429
TEU,0001504795
RCL,0000884887
JMM,0000838131
BBVA,0000842180
WLRHU,0001604416
RDEN,0000095052
CNMD,0000816956
XLRN,0001280600
SGRP,0001004989
VIVO,0000794172
UAMY,0000101538
BRKR,0001109354
LNN,0000836157
GWW,0000277135
AEGN,0000353020
DSCI,0000892160
CTBI,0000350852
LOOK,0001077866
RAIL,0001320854
WHZ,0001537058
NYMT,0001273685
SKYW,0000793733
RNF,0001525998
ABG,0001144980
SPH,0001005210
THW,0001635977
ZN,0001131312
HSON,0001210708
IRDM,0001418819
KE,0001606757
BITI,0001579695
CLGX,0000036047
GBAB,0001495825
CORR,0001347652
ABDC,0001578620
MHFI,0000064040
TIPT,0001393726
SFUN,0001294404
BTN,0000946454
SPWR,0000867773
TEU^C,0001504795
RESI,0001555039
AIRT,0000353184
KFY,0000056679
RBCAA,0000921557
CPN,0000916457
AVP,0000008868
BAA,0001286597
TSYS,0001111665
ABEO,0001612434
PSB^T,0000866368
SLTB,0001587264
CYS^A,0001396446
SYNA,0000817720
MDR,0000708819
EGLE,0001322439
FDEF,0000946647
LSCC,0000855658
WLB,0000106455
FGP,0000922358
DDF,0000896923
JCP,0001166126
NUROW,0001289850
TWC,0001377013
FNTCU,0001429688
HMTV,0001567345
CUBN,0001606440
VLT,0000846671
QLTI,0000827809
PSXP,0001572910
PNRA,0000724606
WVVI,0000838875
ACFN,0000880984
FNLC,0000765207
FRD,0000039092
PNFP,0001115055
JFC,0000888137
WY^A,0000106535
HOTRW,0001106838
STML,0001264587
BLMT,0001522420
CSV,0001016281
ZAZA,0001528393
ALTR,0000768251
IMI,0001311241
SBFG,0000767405
ANY,0001591956
ADMA,0001368514
PINC,0001577916
EAD,0001210123
HA,0001172222
HQH,0000805267
MIC,0001289790
RSO^B,0001332551
LNBB,0000737210
TRI,0001075124
WK,0001445305
MVIS,0000065770
CLFD,0000796505
SP,0001123333
MJCO,0001626853
NCT,0001175483
BSFT,0001086909
BDCV,0001444706
SALE,0001475274
CNBKA,0000812348
LAND,0001495240
LHCG,0001303313
ADK,0001004724
CYD,0000932695
CYBE,0000768411
RFI,0001270436
GTE,0001273441
UBA,0001029800
TDG,0001260221
ODP,0000800240
ELNK,0001102541
FUNC,0000763907
TLK,0001001807
PG,0000080424
MEILZ,0001436549
SSYS,0001517396
CNO,0001224608
PSA^A,0001393311
NMZ,0001266585
SUNS,0001508171
WPRT,0001370416
PSA^S,0001393311
CRL,0001100682
ALDR,0001423824
RGR,0000095029
MIFI,0001022652
TMHC,0001562476
BBW,0001113809
ITC,0001317630
EMQ,0000066901
FSFR,0001577791
GJT,0001140396
GTY,0001052752
RAS^A,0001045425
ESS,0000920522
ZB^G,0001642140
BGT,0000834237
KNOP,0001564180
GJS,0001140396
GOODN,0001234006
VRX,0000885590
GVA,0000861459
ZIOP,0001107421
ALB,0000915913
PTEN,0000889900
AEB,0000769218
SFN,0000720672
INB,0001016504
UAN,0001425292
AHP,0001574085
KFS,0001072627
BGE^B,0000009466
MANU,0001549107
SWX,0000092416
ICUI,0000883984
BTU,0001064728
HT,0001063344
STT^E,0000093751
OFED,0001501078
MHNC,0001412100
DSX,0001318885
MRIN,0001389002
OCN,0000873860
TWMC,0000795212
SMSI,0000948708
MLP,0000063330
RBS^L,0000844150
CAPNW,0001484565
JNS,0001065865
GS^C,0000886982
CL,0000021665
GLDD,0001372020
CG,0001527166
MC,0001596967
DVAX,0001029142
REG^F,0000910606
XPO,0001166003
QSR,0001618756
LODE,0001120970
VISN,0001415911
BHBK,0001601545
MEP,0001578685
KERX,0001114220
BELFA,0000729580
PNC,0000713676
LULU,0001397187
PHI,0000078150
PLCE,0001041859
NWN,0000073020
TRMR,0001375796
IDCC,0001405495
CRS,0000017843
IMNP,0001208261
BSE,0001181024
PRE^D,0000911421
MPLX,0001552000
POT,0000855931
MDRX,0001124804
SNA,0000091440
THG,0000944695
NUVA,0001142596
BMY,0000014272
NVDA,0001045810
GYC,0000916791
RBS^G,0000844150
SON,0000091767
UTX^A,0000101829
NWFL,0001013272
PLUS,0001022408
JPM^A,0000019617
AAT,0001500217
TRT,0000732026
OPGN,0001293818
CP,0000016875
AMKR,0001047127
SAMG,0001549966
AIR,0000001750
CYAD,0001121520
DRE,0000783280
WIN,0001282266
NVX,0001127706
BOKF,0000875357
TPRE,0001576018
TCO^K,0000890319
KNL,0001011570
VNRBP,0001384072
YECO,0001607741
HIVE,0001372414
CBR,0000918581
BBGI,0001099160
MKL,0001096343
DYAX,0000907562
KCLI,0000054473
WWAV,0001555365
NCOM,0001609951
GTXI,0001260990
PZC,0001181504
BBRY,0001070235
BONT,0000878079
SSE,0001137046
DMO,0001478102
MT,0001243429
UHAL,0000004457
LPG,0001596993
UMH,0000752642
KRO,0001257640
SDR,0001538267
ISHG,0001168562
QUIK,0000882508
TRN,0000099780
NATR,0000275053
III,0001371489
CYS,0001396446
CBF,0001479750
PBI^B,0000078814
FLT,0001175454
BANC^C,0001169770
WCIC,0001574532
CLDX,0000744218
CW,0000026324
CVS,0000064803
TMK^B,0000320335
CNLMW,0001619551
TDE,0000096966
MIN,0000826735
HOTR,0001106838
WF,0001264136
CCCR,0001556266
CSCD,0000864559
APDNW,0000744452
GYRO,0000044689
AUO,0001172494
NEO,0001077183
GNMK,0001487371
PCG^E,0001004980
UPS,0001090727
FNSR,0001094739
DLR^F,0001297996
CPPL,0001420783
MAC,0000912242
EURN,0001604481
PAG,0001019849
PRA,0001127703
TGA,0000736744
SMCI,0001375365
GZT,0001379009
BR,0001383312
ADBE,0000796343
GI,0001623919
PFS,0001178970
COHR,0000021510
CVRR,0001558785
THTI,0001375686
GMO,0001275229
CTLT,0001596783
BKU,0001504008
FWV,0000037049
FFBC,0000708955
CTXS,0000877890
USAP,0000931584
GTS,0001171662
FBR,0001110649
SPLS,0000791519
ARQL,0001019695
RFP,0001393066
ATML,0000872448
RFTA,0001045425
NUAN,0001002517
KEY^G,0000091576
BXC,0001301787
ARWR,0000879407
STRP,0001574460
GS^A,0000886982
EME,0000105634
CACB,0000865911
VMW,0001124610
ACN,0001467373
CFNB,0000803016
FNB^E,0000037808
THST,0001564709
MNR^A,0000067625
SPU,0001066923
SLCT,0001263762
CTQ,0000068622
PERI,0001338940
BIIB,0000875045
GSJ,0000886982
CSBK,0001240581
MRVC,0000887969
TRGT,0001124105
SWU,0000093556
PLCM,0001010552
OC,0001370946
C^J,0000831001
NRX,0001338095
HHS,0000045919
ANN,0000874214
VRNS,0001361113
IPAS,0001053374
ACV,0001368457
SPTN,0000877422
UBFO,0001137547
GILD,0000882095
AEMD,0000882291
LDRH,0001348324
SNFCA,0000318673
ANAC,0001411158
BEN,0000038777
JMPC,0001383803
NATH,0000069733
NEV,0001469392
CLRB,0001279704
APC,0000773910
AEM,0000002809
RCG,0000919567
ANF,0001018840
STRZB,0001507934
NNN^D,0000751364
PPO,0001292556
RBS^T,0000844150
BSMX,0001551975
BT,0000756620
STRL,0000874238
DPZ,0001286681
CTCT,0001405277
ARTNA,0000863110
LADR,0001577670
JBHT,0000728535
SBSA,0000927720
TZOO,0001133311
SAN^A,0000891478
CLBS,0000320017
AGM^C,0000845877
NBTB,0000790359
XOMA,0000791908
XOM,0000034088
FDP,0001047340
NAD,0001083839
QBAK,0000758938
APPF,0001433195
QTM,0000709283
NYCB^U,0000910073
CRTN,0001094814
DAIO,0000351998
CIZN,0001075706
AIQ,0000817135
UTL,0000755001
RWT,0000930236
CA,0000356028
CBMX,0001383183
BOTJ,0001275101
HMIN,0001376972
LPI,0001528129
NSLP,0001560443
PERY,0000900349
PHG,0000313216
EQR,0000906107
MKSI,0001049502
DMB,0001565381
SGNL,0001590750
CFNL,0001060523
ATSG,0000894081
EMI,0001074688
EPC,0001632790
SSD,0000920371
RPT^D,0000842183
BTX,0000876343
BME,0001314966
HYGS,0001119985
MNGA,0001353487
SOHO,0001301236
ETY,0001340736
KOF,0000910631
TNC,0000097134
BCC,0001328581
MHLDO,0001412100
IVTY,0001393020
BUR,0001158399
HPS,0001215913
SNAK,0000944508
YDKN,0001366367
NAP,0001617049
TCPI,0001545391
GMT,0000040211
YUM,0001041061
AJRD,0000040888
CIDM,0001173204
FHN,0000036966
CFC^B,0000025191
MTW,0000061986
CHEK,0001610590
CAFD,0001635581
ITUS,0000715446
UTMD,0000706698
IFT,0001494448
CCS,0001576940
SC,0001580608
SKY,0000090896
CUBE,0001298675
AVT,0000008858
CNYD,0001091325
INWK,0001350381
INOV,0001619954
CNXR,0001211759
DPW,0000896493
MITT^A,0001514281
OXBR,0001584831
MCK,0000927653
CCL,0000815097
EEQ,0001173911
HRS,0000202058
COWN,0001466538
FLXS,0000037472
MTT,0001454021
IMKTA,0000050493
CEMI,0001092662
NGD,0000800166
TSCO,0000916365
VALE,0000917851
CPSI,0001169445
CTRL,0001259515
KFI,0001386926
GNCMA,0000808461
NEWP,0000225263
SPPRO,0000919640
KFN^,0001386926
GTI,0000931148
ANAT,0000904163
ADPT,0001602367
LRE,0001519632
BPFHW,0000821127
JOY,0000801898
BQH,0001167470
AWR,0001056903
PEB^C,0001474098
EARS,0001601936
NATI,0000935494
SIGM,0000790715
ADEP,0000865415
KAI,0000886346
BMRC,0000890479
PCQ,0001140411
SCON,0000895665
YORW,0000108985
FFKT,0000713095
RAX,0001107694
AMT^A,0001053507
NAII,0000787253
NPV,0000897421
FMNB,0000709337
STT^C,0000093751
EXPO,0000851520
HSNI,0001434729
TJX,0000109198
CMU,0000809844
CVRS,0001528557
MXL,0001288469
NXTM,0001333170
ORAN,0001038143
LCNB,0001074902
RLD,0001327471
WHF,0001552198
ELSE,0000351789
PLXS,0000785786
RNET,0001162112
VIAB,0001339947
ABB,0001091587
MWW,0001020416
TCS,0001411688
GEB,0000040554
BHACW,0001622175
PIH,0001591890
CRESY,0001034957
WCC,0000929008
ABR^B,0001253986
TRAK,0001333513
WGA,0000105608
UTF,0001270436
PEO,0000216851
IEX,0000832101
PPC,0000802481
ACTA,0001085621
ISNS,0000943034
RRM,0001375829
MTBC,0001582982
CBNJ,0001411303
NVIV,0001292519
WMS,0001604028
IRCP,0001128173
HTGC,0001280784
KUTV,0001294435
BBEPP,0001357371
QADB,0001036188
OLED,0001005284
QTS,0001577368
CALX,0001406666
TYG,0001268533
CADT,0001611852
STKL,0000351834
ICLD,0001128725
TWI,0000899751
RPTP,0001070698
MQT,0000887394
KWR,0000081362
TOR,0001041177
HL,0000719413
LGIH,0001580670
EVH,0001628908
ALEX,0001545654
WIFI,0001169988
PM,0001413329
FII,0001056288
CLNE,0001368265
AVOL,0001610128
CAH,0000721371
QLTY,0000922863
HDP,0001610532
TLF,0000909724
STI^E,0000750556
NYMTP,0001273685
CROX,0001334036
LBY,0000902274
IGOV,0001168562
HLG,0001596964
APRI,0001017491
WPG^I,0001594686
QQQ,0001067839
MBII,0001441693
CHK^D,0000895126
PUK,0001116578
DISCK,0001437107
TSC,0001380846
ALLB,0001500711
KMDA,0001567529
TACT,0001017303
HF,0001380509
PSA^Z,0001393311
IFMI,0001270436
FTD,0001283157
LXP,0000910108
GFF,0000050725
AFT,0001502573
IGR,0001268884
FRC^B,0001132979
EVBS,0001047170
TNP,0001166663
SAVE,0001498710
EAC,0001490165
TPLM,0001281922
FUR,0000037008
STB,0001419465
MDCO,0001113481
SCHN,0000912603
IVR^B,0001437071
COHU,0000021535
AMRK,0001591588
BBRG,0001495479
ASTC,0001001907
SSNC,0001402436
LEG,0000058492
BDMS,0000948072
AON,0000315293
WHLRP,0001527541
ITIC,0000720858
ONB,0000707179
BOSC,0001005516
CGI,0000865941
PTNT,0001077370
SMP,0000093389
CTT,0001341141
DBVT,0001613780
MUA,0000901243
PNX,0001129633
FFWM,0001413837
ALLT,0001365767
WRES,0000892986
GLOP,0001598655
ETH,0000896156
CDNS,0000813672
HOG,0000793952
OAK,0001403528
RAVN,0000082166
PMT,0001464423
STRS,0000885508
SNH,0001075415
SGC,0000095574
PF,0001564822
WSBC,0000203596
PCP,0000079958
MMV,0001074690
GDO,0001472341
IPI,0001421461
MHH,0001437226
GS,0000886982
RDS.A,0001306965
LABC,0001392562
MTB^C,0000036270
IPCC,0001195933
WFC.WS,0000105598
STX,0001137789
AXE,0000052795
C^C,0000831001
MANH,0001056696
MBFI,0001139812
NKSH,0000796534
CIA,0000024090
HBM,0001322422
SAN,0000891478
CWST,0000911177
SNOW,0001587755
RICK,0000935419
FBSS,0001083643
RNP,0001270436
ELON,0000031347
IBOC,0000315709
PBT,0000319654
CWCO,0000928340
BREW,0000892222
SALM,0001050606
WPC,0001025378
CEB,0001066104
HMHC,0001580156
TI,0000948642
MGNX,0001125345
CPLA,0001104349
MCHP,0000827054
EDD,0001388141
GRH,0001410056
COMM,0001517228
DHR,0000313616
MN,0001524223
LRAD,0000924383
RLI,0000084246
HUSA,0001156041
MARK,0001368365
KOOL,0000811212
YUME,0001415624
CTAS,0000723254
JD,0001549802
PML,0001170299
HCOM,0001487986
ALXA,0001344413
HGT,0000862022
KBIO,0001293310
CNET,0001376321
CDTX,0001610618
ARRY,0001100412
HPP,0001482512
ANTM,0001156039
WSBF,0001329517
EVOL,0001052054
SBBX,0001028954
PRLB,0001443669
PSA^P,0001393311
IBCP,0000039311
FORR,0001023313
GLW,0000024741
WBS,0000801337
MSA,0000066570
MUJ,0001053988
NWBOW,0001072379
UNXL,0001171012
NS,0001110805
SMBC,0000916907
LHO^I,0001053532
STI^A,0000750556
ANR,0001301063
FALC,0000922521
SNCR,0001131554
SVVC,0001495584
PACD,0001517342
LMAT,0001158895
VJET,0001582581
HTLD,0000799233
FEIM,0000039020
FCFS,0000840489
SKX,0001065837
HH,0000741815
LKQ,0001065696
MEIL,0001436549
AXP,0000004962
LIVE,0001045742
DSXN,0001318885
OCUL,0001393434
GRX,0001391437
HPQ,0000047217
NAV^D,0000808450
DLR^H,0001297996
FPRX,0001175505
AAL,0000006201
ATTO,0001606457
CGO,0001285650
WFE^A,0000105598
WBB,0001553326
HSBC,0001089113
TNET,0000937098
MEN,0000844172
CDI,0000018396
RIVR,0001015593
PME,0001517130
LORL,0001006269
RSTI,0001019361
EC,0001444406
NHTC,0000912061
LIQT,0001307579
HSP,0001274057
LMNS,0001004945
SUN,0001552275
SHPG,0000936402
CHSP,0001473078
NUW,0001450445
REGN,0000872589
EARN,0001560672
SBNYW,0001288784
CLNY^B,0001467076
SAIA,0001177702
MCEP,0001527709
RSE,0001528558
PKOH,0000076282
ACAD,0001070494
SOHOL,0001301236
VVUS,0000881524
JHI,0000759828
ERB,0001095858
KRG^A,0001286043
ESP,0000033533
CABO,0001632127
BKMU,0001123270
CAW,0000721447
NHS,0001228361
HOVNP,0000357294
PSA^W,0001393311
SNHN,0001075415
SHO,0001295810
LCRT,0001632172
EXD,0001480999
HTBK,0001053352
DARA,0000919745
GEF,0000043920
ININ,0001517650
EXPD,0000746515
SUP,0000095552
ELLI,0001122388
RMBS,0000917273
FCSC,0000357097
QCOM,0000804328
NYT,0000071691
AUDC,0001086434
BLDR,0001316835
CPAC,0001221029
WG,0001449732
NMR,0001163653
AMBC,0000874501
GPN,0001123360
PDFS,0001120914
SRI,0001043337
DGII,0000854775
JPS,0001176433
VLRX,0001305409
AIMC,0001374535
WEBK,0001526952
MUSA,0001573516
VBIV,0000704159
IF,0000859120
SNN,0000845982
FDI,0000038188
UBIC,0001550935
PULB,0001062438
CINF,0000020286
FICO,0000814547
LSTR,0000853816
BGCP,0001094831
OHGI,0000225211
TNAV,0001474439
PTIE,0001069530
DLHC,0000785557
TRNX,0001492658
GHM,0000716314
CVLT,0001169561
GOV,0001456772
AMS,0000744825
AAON,0000824142
LLY,0000059478
DVA,0000927066
SMTX,0001108320
REMY,0001046859
COF^C,0000927628
AAME,0000008177
AIT,0000109563
ATU,0000006955
ENSG,0001125376
FNWB,0001556727
AHL^A,0001267395
FSV,0001637810
HLT,0001585689
BOOM,0000034067
DLA,0001101396
SPF,0000878560
KODK,0000031235
NTRS,0000073124
QPAC,0001620179
ASB,0000007789
NOC,0001133421
EFM,0000066901
BFR,0000913059
KED,0001363890
CIX,0001049606
CPHI,0001106644
GLO,0001288795
UBNT,0001511737
ESTE,0000010254
CMCSA,0001166691
FARO,0000917491
CTV,0001035884
GRIF,0001037390
LZB,0000057131
PTC,0000857005
KEG,0000318996
HLIT,0000851310
FAC,0001017907
HCKT,0001057379
GSM,0001383571
GPK,0001408075
ODFL,0000878927
NHC,0001047335
HRTG,0001598665
ABMD,0000815094
DTSI,0001226308
ERII,0001421517
DEI,0001364250
ASR,0001123452
HCN^J,0000766704
WHLM,0001013706
ULTR,0001062781
WABC,0000311094
IPDN,0001546296
ECAC,0001625042
NEE^O,0000753308
PVCT.WS,0000315545
MARA,0001507605
PNBK,0001098146
ESCRP,0000029834
EXAS,0001124140
EBSB,0001411974
TRVN,0001429560
ESS^H,0000920522
GS^B,0000886982
MCHX,0001224133
PLAB,0000810136
ARH^C,0000947484
GKOS,0001192448
BOXC,0001537063
JAGX,0001585608
ETFC,0001015780
NEOT,0001618835
HPJ,0001368308
SQBG,0000791770
GSBD,0001572694
QKLS,0000808047
AAWW,0001135185
L,0000060086
FCE.B,0000038067
PRQR,0001612940
BGC,0000886035
MPX,0001129155
CSFL,0001102266
NES,0001403853
AERI,0001337553
ATW,0000008411
DRD,0001023512
MFLX,0000830916
TV,0000912892
ORMP,0001176309
FIBK,0000860413
MPW,0001287865
IRR,0001372117
SIRI,0000908937
DMND,0001320947
CYBR,0001598110
CHW,0001396277
ECT,0001487798
BGS,0001278027
THS,0001320695
SHBI,0001035092
WAYN,0001036030
CMO,0000766701
TPVG,0001580345
TLN,0001622536
CTO,0000023795
CLI,0000924901
CPAH,0001236997
IP,0000051434
FMER,0000354869
TRIV,0001135526
BLPH,0001600132
EPM^A,0001006655
CNOB,0000712771
SPOK,0001289945
CFG,0000759944
FN,0001408710
CMP,0001227654
JMP,0001383803
ZFGN,0001374690
JBK,0000829281
QTNTW,0001596946
TDS,0001051512
OPK,0000944809
NWE,0000073088
BNS,0000009631
ABM,0000771497
PMO,0000900422
PRI,0001475922
DIAX,0001608742
FCTY,0001420525
AMTG^A,0001515980
APPY,0001167419
SIEN,0001551693
CVE,0001475260
BOOT,0001610250
APOG,0000006845
KBSF,0001546383
GS^J,0000886982
IAF,0000779336
SIG,0000832988
WOOD,0001168562
CPGI,0001421561
NXRT,0001620393
WBAI,0001517496
SJR,0000932872
OSN,0001485538
HFBC,0001041550
VIPS,0001529192
BBK,0001167467
SFLY,0001125920
FOLD,0001178879
ED,0001047862
CZWI,0001367859
BBCN,0001128361
SYT,0001123661
CLMS,0001299033
APAM,0001517302
BEAV,0000861361
AINC,0001604738
BKD,0001332349
CHUY,0001524931
CMI,0000026172
APO,0001411494
GBL,0001060349
DGICA,0000800457
PBIB,0001358356
EGF,0001336050
ATI,0001018963
LLL,0001056239
AMEH,0001083446
MWR,0000895421
ALGT,0001362468
TTC,0000737758
NEON,0000087050
ANFI,0001552448
GXP,0001143068
NHC^A,0001047335
CMS,0000811156
RATE,0001518222
PGR,0000080661
CMGE,0001528752
CNC,0001071739
ZX,0001506756
ROG,0000084748
ACPW,0001044435
PJC,0001230245
BLMN,0001546417
NAZ,0000892992
EMJ,0001196874
DM,0001603286
PCG^A,0001004980
CHCO,0000726854
NJ,0001158967
VGM,0000880892
CVCO,0000278166
BKJ,0001390312
BLBD,0001589526
ARES,0001176948
UBP,0001029800
RMD,0000943819
USAK,0000883945
SSL,0000314590
GD,0000040533
UEC,0001334933
PRIM,0001361538
PGNX,0000835887
STOR,0001538990
MCN,0001289868
CKEC,0000799088
ABR,0001253986
TSBK,0001046050
PZN,0001399249
PSA^V,0001393311
NYNY,0000906780
NGS,0001084991
INTL,0000913760
ENVA,0001529864
CLWT,0001026662
BMTC,0000802681
BIOA.WS,0001534287
MXC,0000066418
AGIIL,0001091748
BSM,0001621434
RLJE,0001546381
SFBC,0001541119
NUO,0000878200
WTBA,0001166928
TBBK,0001258754
PNW,0000764622
AOS,0000091142
EVP,0001074687
FLS,0000030625
PTSI,0000798287
CTIC,0000891293
KTWO,0001499807
CDE.WS,0000215466
EMF,0000809708
GLQ,0001316463
ITUB,0001132597
IIM,0000885601
CKX,0000352955
BIP,0001406234
BCS,0000312069
CNX,0001070412
PRMF,0001600458
MGN,0000066649
WLT,0000837173
FRBA,0001285223
NURO,0001289850
EXLP,0001367064
MNR,0000067625
PCF,0000810943
QLGC,0000918386
CJJD,0001413263
BGCA,0001094831
GALTU,0001133416
CPE^A,0000928022
ECL,0000031462
HLTH,0001009575
BBD,0001160330
ROIAK,0001041657
WSTL,0001002135
RTEC,0001094392
STAG^A,0001479094
TFM,0001489979
HURC,0000315374
VNTV,0001533932
AXTI,0001051627
PTXP,0001643536
PDS,0001013605
BANC,0001169770
EXEL,0000939767
DEPO,0001005201
EAA,0000007323
CBS,0000813828
SYRX,0001529113
ELJ,0000060527
SLG^I,0001040971
OCR^B,0000353230
BCA,0001276671
GLNG,0001207179
HYI,0001497186
CAR,0000723612
JCI,0000053669
ZEN,0001463172
ARWAW,0001622577
AVNW,0001377789
WSCI,0000104897
VBTX,0001501570
XCO,0000316300
MGCD,0000815093
SLB,0000087347
CSTM,0001563411
QQQX,0001608741
PEGI,0001561660
WHLRW,0001527541
MCGC,0001141299
NPK,0000080172
TGTX,0001001316
VFC,0000103379
HBP,0001093082
SMFG,0001022837
ARKR,0000779544
QRHC,0001442236
PSEC,0001287032
PUK^A,0001116578
RBS^S,0000844150
PRXI,0000796764
COB,0000764811
KIM,0000879101
DVCR,0000919956
EL,0001001250
KO,0000021344
GOOG,0001288776
MZOR,0001566844
CNTY,0000911147
ELMD,0001488917
VOYA,0001535929
ALLY^B,0000040729
ARI,0001467760
IBN,0001103838
DXR,0000027367
EBF,0000033002
NTCT,0001078075
IID,0001395627
DRRX,0001082038
MSCI,0001408198
XNET,0001510593
HTBX,0001476963
SXB,0001613723
SIX,0000701374
ESEA,0001341170
KRC^H,0001025996
WAFDW,0000936528
CHKE,0000844161
IVZ,0000914208
TTHI,0001399250
ZIONW,0000109380
LND,0001499849
MRCC,0001512931
AMNB,0000741516
BCOM,0001402606
MRTN,0000799167
FMSA,0001010858
MDXG,0001376339
ROIQW,0001581607
NM,0001333172
SAH,0001043509
VRTU,0001207074
DAN,0000026780
CAB,0001267130
BTO,0000925683
MSTR,0001050446
ROP,0000882835
HIG,0000874766
MTCN,0001243429
TRR,0000103096
LUX,0000857471
MCQ,0001490349
LBAI,0000846901
FLIR,0000354908
REFR,0000793524
CUI,0001108967
SZYM,0001311230
BWA,0000908255
SIVBO,0001011698
PRTA,0001559053
SPA,0000092679
MYL,0001623613
MAG,0000751085
ROSE,0001340282
EQY,0001042810
ATNM,0001328440
ICD,0001537028
FRC^C,0001132979
PFBX,0000770460
DFT^A,0001407739
HTLF,0000920112
IRM,0001020569
OPHC,0001288855
KS,0001325281
IMAX,0000921582
ORA,0001296445
USMD,0001507881
PFH,0001289838
JTP,0001172168
LFUS,0000889331
BDN^E,0000790816
INN^C,0001497645
BAH,0001443646
NCI,0001019737
AYA,0001378451
UFI,0000100726
FDS,0001013237
SKBI,0001076939
ADXSW,0001100397
PDCE,0000077877
REI,0001384195
BPFH,0000821127
NP,0001296435
DSGX,0001050140
IPCM,0001410471
RBPAA,0000922487
BEE,0001057436
NDSN,0000072331
UTHR,0001082554
WPT,0001574963
CBPX,0001592480
NRF^A,0001273801
CHEV,0001528843
LINC,0001286613
DXB,0000948046
PULM,0001574235
SOV^C,0000811830
MLVF,0001550603
SPNE,0001637761
HTS,0001419521
GNBC,0001606363
BORN,0001490366
MSM,0001003078
UBOH,0001087456
PMCS,0000767920
FWRD,0000912728
FTNT,0001262039
WYN,0001361658
LEN,0000920760
BK,0001390777
HAIN,0000910406
SANM,0000897723
SMLP,0001549922
EDI,0001551040
ARU,0001287750
CBPO,0001369868
UDF,0001440292
PCH,0001338749
CECO,0001046568
BIOA,0001534287
TERP,0001599947
CUTR,0001162461
GGM,0001551949
AVH,0001575969
USBI,0000717806
ESRX,0001532063
NVG,0001090116
CS,0001159510
UTIW,0001124827
HQY,0001428336
RAD,0000084129
AAPC,0001630940
EGL,0001544229
ANIK,0000898437
AWP,0001390195
BNJ,0001137440
AGO^F,0001273813
LBIO,0001425205
HDRAR,0001615063
COF,0000927628
SWZ,0000813623
OMAB,0001123452
VISI,0000103872
IMMY,0001360214
QLYS,0001107843
NTI,0001533454
HBCP,0001436425
TCX,0000909494
BLJ,0001169031
AIV^Z,0000922864
MOSY,0000890394
ASC,0001577437
PBIP,0001302324
NEE,0000753308
ESD,0001227862
HAYN,0000858655
RIGP,0001607250
SEAS,0001564902
LDR,0000825410
EQC^D,0000803649
LPTH,0000889971
TOT,0000879764
MVIR,0001613490
SASR,0000824410
SEV,0000825411
SPN,0000886835
SZMK,0001591877
SCCO,0001001838
ACAS,0000817473
AMDA,0001269026
CCMP,0001102934
ACH,0001161611
TGS,0000930689
YELP,0001345016
CSX,0000277948
CNL,0001089819
PATI,0001616741
CATB,0001454789
CIM,0001409493
ITRN,0001337117
RCPT,0001463729
PKI,0000031791
MDVX,0001591165
PTLA,0001269021
HCJ,0001400810
VALE.P,0000917851
CARA,0001346830
NJV,0001454980
MSI,0000068505
CBOE,0001374310
CATO,0000018255
LLTC,0000791907
CLVS,0001466301
FIT,0000886432
TICC,0001259429
LRCX,0000707549
NWL,0000814453
PCG^B,0001004980
EMCI,0000356130
AXTA,0001616862
LEA,0000842162
GFN,0001342287
BLE,0001176194
GEH,0000040554
VSCP,0001307752
CBK,0000883943
ACI,0001037676
MKTO,0001490660
PFBI,0000887919
PYPLV,0001633917
PSTI,0001158780
SAFT,0001172052
CLV,0000764065
WMAR,0000912833
WMT,0000104169
CMRE^D,0001503584
IPAR,0000822663
PHD,0001305767
FT,0000833040
OLP,0000712770
STWD,0001465128
CHSCP,0000823277
APT,0000884269
HBK,0001551739
SBS,0001170858
NOK,0000924613
MYF,0000882153
JPM.WS,0000019617
CYOU,0001458696
PRTK,0001014653
NSYS,0000722313
VC,0001111335
RJD,0000720005
MORE,0001384710
CBL^E,0000910612
